Image type	Feature Class	Feature Name	ROI_segment_Mass
diagnostics	Versions	PyRadiomics	v3.0.1.post15+g2791e23
diagnostics	Versions	Numpy	1.23.4
diagnostics	Versions	SimpleITK	2.2.0rc2.dev368
diagnostics	Versions	PyWavelet	1.5.0
diagnostics	Versions	Python	3.9.10
diagnostics	Configuration	Settings	{'minimumROIDimensions': 2, 'minimumROISize': None, 'normalize': False, 'normalizeScale': 1, 'removeOutliers': None, 'resampledPixelSpacing': [1.0, 1.0, 1.0], 'interpolator': 'sitkBSpline', 'preCrop': False, 'padDistance': 5, 'distances': [1], 'force2D': False, 'force2Ddimension': 0, 'resegmentRange': None, 'label': 1, 'additionalInfo': True, 'binWidth': 25.0, 'symmetricalGLCM': True, 'correctMask': True}
diagnostics	Configuration	EnabledImageTypes	{'Original': {}, 'Wavelet': {}}
diagnostics	Image-original	Hash	3bf3dfb1e09f3857f042bf05dcbe6a3f30987992
diagnostics	Image-original	Dimensionality	3D
diagnostics	Image-original	Spacing	(0.6836, 0.6836, 2.0)
diagnostics	Image-original	Size	(512, 512, 116)
diagnostics	Image-original	Mean	62.92871212137157
diagnostics	Image-original	Minimum	0.0
diagnostics	Image-original	Maximum	1743.0
diagnostics	Mask-original	Hash	83e334cfcc7c697b50947a1be36fef3f74ddf384
diagnostics	Mask-original	Spacing	(0.6836, 0.6836, 2.0)
diagnostics	Mask-original	Size	(512, 512, 116)
diagnostics	Mask-original	BoundingBox	(98, 252, 44, 97, 83, 23)
diagnostics	Mask-original	VoxelNum	53600
diagnostics	Mask-original	VolumeNum	74
diagnostics	Mask-original	CenterOfMassIndex	(144.08414179104477, 291.89787313432834, 54.56990671641791)
diagnostics	Mask-original	CenterOfMass	(80.06508067164181, -1.4683860746268351, -18.262186567164136)
diagnostics	Image-interpolated	Spacing	(1.0, 1.0, 1.0)
diagnostics	Image-interpolated	Size	(78, 69, 57)
diagnostics	Image-interpolated	Mean	191.78788945608167
diagnostics	Image-interpolated	Minimum	-17.0
diagnostics	Image-interpolated	Maximum	858.0
diagnostics	Mask-interpolated	Spacing	(1.0, 1.0, 1.0)
diagnostics	Mask-interpolated	Size	(78, 69, 57)
diagnostics	Mask-interpolated	BoundingBox	(6, 6, 6, 66, 57, 46)
diagnostics	Mask-interpolated	VoxelNum	49968
diagnostics	Mask-interpolated	VolumeNum	41
diagnostics	Mask-interpolated	CenterOfMassIndex	(37.327889849503684, 33.33009125840538, 27.659542106948447)
diagnostics	Mask-interpolated	CenterOfMass	(80.07491015049632, -1.415291258405368, -18.24245789305151)
diagnostics	Mask-interpolated	Mean	409.18301713096383
diagnostics	Mask-interpolated	Minimum	3.0
diagnostics	Mask-interpolated	Maximum	858.0
original	shape	Elongation	0.7758735044751979
original	shape	Flatness	0.5040790388289689
original	shape	LeastAxisLength	30.889164711283954
original	shape	MajorAxisLength	61.27841535137601
original	shape	Maximum2DDiameterColumn	66.12866246946176
original	shape	Maximum2DDiameterRow	64.66065264130884
original	shape	Maximum2DDiameterSlice	71.8679344353238
original	shape	Maximum3DDiameter	77.36278174936577
original	shape	MeshVolume	49506.25
original	shape	MinorAxisLength	47.54429886735887
original	shape	Sphericity	0.2611694250172234
original	shape	SurfaceArea	24965.20550199605
original	shape	SurfaceVolumeRatio	0.504283913687586
original	shape	VoxelVolume	49968.0
original	firstorder	10Percentile	223.0
original	firstorder	90Percentile	582.0
original	firstorder	Energy	9294827137.0
original	firstorder	Entropy	4.466803502966165
original	firstorder	InterquartileRange	183.0
original	firstorder	Kurtosis	2.7464651835636893
original	firstorder	Maximum	858.0
original	firstorder	MeanAbsoluteDeviation	108.7038341273926
original	firstorder	Mean	409.18301713096383
original	firstorder	Median	421.0
original	firstorder	Minimum	3.0
original	firstorder	Range	855.0
original	firstorder	RobustMeanAbsoluteDeviation	75.78890217551607
original	firstorder	RootMeanSquared	431.29525005422954
original	firstorder	Skewness	-0.10929139713679725
original	firstorder	TotalEnergy	9294827137.0
original	firstorder	Uniformity	0.05282515856577924
original	firstorder	Variance	18584.851210941753
original	glcm	Autocorrelation	336.9086535215803
original	glcm	ClusterProminence	28517.480504252308
original	glcm	ClusterShade	-150.41799467721114
original	glcm	ClusterTendency	97.10310941322433
original	glcm	Contrast	8.227395227284852
original	glcm	Correlation	0.8423453493069128
original	glcm	DifferenceAverage	2.051749003833447
original	glcm	DifferenceEntropy	2.6443372623950996
original	glcm	DifferenceVariance	3.8825781018523218
original	glcm	Id	0.4686420804319875
original	glcm	Idm	0.4010553774862075
original	glcm	Idmn	0.9935195627069652
original	glcm	Idn	0.9471600258394456
original	glcm	Imc1	-0.22970487023723363
original	glcm	Imc2	0.9208508448313872
original	glcm	InverseVariance	0.38517792345104546
original	glcm	JointAverage	17.738713598151904
original	glcm	JointEnergy	0.007559463489041218
original	glcm	JointEntropy	7.7467322864976795
original	glcm	MCC	0.8450073779904168
original	glcm	MaximumProbability	0.021106292134806547
original	glcm	SumAverage	35.4774271963038
original	glcm	SumEntropy	5.312506700798432
original	glcm	SumSquares	26.332626160127294
original	gldm	DependenceEntropy	7.79098181137121
original	gldm	DependenceNonUniformity	5293.193643932116
original	gldm	DependenceNonUniformityNormalized	0.10593166914689635
original	gldm	DependenceVariance	8.740393691860325
original	gldm	GrayLevelNonUniformity	2639.5675232148574
original	gldm	GrayLevelVariance	29.808141469265912
original	gldm	HighGrayLevelEmphasis	314.92915465898176
original	gldm	LargeDependenceEmphasis	34.29498879282741
original	gldm	LargeDependenceHighGrayLevelEmphasis	11917.0856948447
original	gldm	LargeDependenceLowGrayLevelEmphasis	0.15349544290743877
original	gldm	LowGrayLevelEmphasis	0.006118769249850743
original	gldm	SmallDependenceEmphasis	0.14407173897531556
original	gldm	SmallDependenceHighGrayLevelEmphasis	36.928843090215175
original	gldm	SmallDependenceLowGrayLevelEmphasis	0.0013034569195214285
original	glrlm	GrayLevelNonUniformity	2161.824723342052
original	glrlm	GrayLevelNonUniformityNormalized	0.05126117926837659
original	glrlm	GrayLevelVariance	30.630753870745938
original	glrlm	HighGrayLevelRunEmphasis	309.98881556407827
original	glrlm	LongRunEmphasis	1.676441507988766
original	glrlm	LongRunHighGrayLevelEmphasis	541.5147514880326
original	glrlm	LongRunLowGrayLevelEmphasis	0.009558924839538362
original	glrlm	LowGrayLevelRunEmphasis	0.006354566507041402
original	glrlm	RunEntropy	5.212329467335762
original	glrlm	RunLengthNonUniformity	31400.33039215211
original	glrlm	RunLengthNonUniformityNormalized	0.7417635651475454
original	glrlm	RunPercentage	0.8440324884849382
original	glrlm	RunVariance	0.25948837709748057
original	glrlm	ShortRunEmphasis	0.8841952390750939
original	glrlm	ShortRunHighGrayLevelEmphasis	270.6768866867347
original	glrlm	ShortRunLowGrayLevelEmphasis	0.005773158211615037
original	glszm	GrayLevelNonUniformity	369.7013654184129
original	glszm	GrayLevelNonUniformityNormalized	0.04997990609955561
original	glszm	GrayLevelVariance	32.847076233767226
original	glszm	HighGrayLevelZoneEmphasis	231.33811004461268
original	glszm	LargeAreaEmphasis	6614.4550493443285
original	glszm	LargeAreaHighGrayLevelEmphasis	2421506.6851426256
original	glszm	LargeAreaLowGrayLevelEmphasis	19.22835601944894
original	glszm	LowGrayLevelZoneEmphasis	0.010252878157358519
original	glszm	SizeZoneNonUniformity	2183.526700013519
original	glszm	SizeZoneNonUniformityNormalized	0.29519084764276315
original	glszm	SmallAreaEmphasis	0.5589296284323052
original	glszm	SmallAreaHighGrayLevelEmphasis	126.63402695480491
original	glszm	SmallAreaLowGrayLevelEmphasis	0.005999373996951359
original	glszm	ZoneEntropy	7.057525143012491
original	glszm	ZonePercentage	0.1480347422350304
original	glszm	ZoneVariance	6568.822713898698
original	ngtdm	Busyness	4.722454467321973
original	ngtdm	Coarseness	0.00032629691641176316
original	ngtdm	Complexity	652.8786601527866
original	ngtdm	Contrast	0.0643587246559728
original	ngtdm	Strength	0.14508819662293498
wavelet-LLH	firstorder	10Percentile	-30.31939652944984
wavelet-LLH	firstorder	90Percentile	22.821455819166346
wavelet-LLH	firstorder	Energy	24901369.586116247
wavelet-LLH	firstorder	Entropy	1.9315374620177175
wavelet-LLH	firstorder	InterquartileRange	25.779373336495023
wavelet-LLH	firstorder	Kurtosis	4.272855109117768
wavelet-LLH	firstorder	Maximum	132.86116589315873
wavelet-LLH	firstorder	MeanAbsoluteDeviation	16.701032476007864
wavelet-LLH	firstorder	Mean	-3.188281154080474
wavelet-LLH	firstorder	Median	-2.6877816937890024
wavelet-LLH	firstorder	Minimum	-121.5130654927326
wavelet-LLH	firstorder	Range	254.37423138589133
wavelet-LLH	firstorder	RobustMeanAbsoluteDeviation	10.885402307902481
wavelet-LLH	firstorder	RootMeanSquared	22.32367204058699
wavelet-LLH	firstorder	Skewness	-0.04994329986892113
wavelet-LLH	firstorder	TotalEnergy	24901369.586116247
wavelet-LLH	firstorder	Uniformity	0.31818670385165626
wavelet-LLH	firstorder	Variance	488.18119665822076
wavelet-LLH	glcm	Autocorrelation	28.929306294382435
wavelet-LLH	glcm	ClusterProminence	22.955107543936233
wavelet-LLH	glcm	ClusterShade	-0.3624842333560422
wavelet-LLH	glcm	ClusterTendency	2.385131477376154
wavelet-LLH	glcm	Contrast	1.0115302898720686
wavelet-LLH	glcm	Correlation	0.403469011519939
wavelet-LLH	glcm	DifferenceAverage	0.6813340062149955
wavelet-LLH	glcm	DifferenceEntropy	1.4590201681792594
wavelet-LLH	glcm	DifferenceVariance	0.5360432046312396
wavelet-LLH	glcm	Id	0.7058111318348155
wavelet-LLH	glcm	Idm	0.6913303795339215
wavelet-LLH	glcm	Idmn	0.9919369610152626
wavelet-LLH	glcm	Idn	0.9452326289177863
wavelet-LLH	glcm	Imc1	-0.09171257266734305
wavelet-LLH	glcm	Imc2	0.5056930608570518
wavelet-LLH	glcm	InverseVariance	0.46607833310227126
wavelet-LLH	glcm	JointAverage	5.346576652296699
wavelet-LLH	glcm	JointEnergy	0.12067063672731246
wavelet-LLH	glcm	JointEntropy	3.653807499179784
wavelet-LLH	glcm	MCC	0.41396498652246333
wavelet-LLH	glcm	MaximumProbability	0.2153682678861606
wavelet-LLH	glcm	SumAverage	10.693153304593398
wavelet-LLH	glcm	SumEntropy	2.6438223163525914
wavelet-LLH	glcm	SumSquares	0.8491654418120558
wavelet-LLH	gldm	DependenceEntropy	6.1090488485502155
wavelet-LLH	gldm	DependenceNonUniformity	2653.9870717259046
wavelet-LLH	gldm	DependenceNonUniformityNormalized	0.05311373422442172
wavelet-LLH	gldm	DependenceVariance	26.47334251013188
wavelet-LLH	gldm	GrayLevelNonUniformity	15899.153218059559
wavelet-LLH	gldm	GrayLevelVariance	0.8711024030723884
wavelet-LLH	gldm	HighGrayLevelEmphasis	29.75828530259366
wavelet-LLH	gldm	LargeDependenceEmphasis	145.2522814601345
wavelet-LLH	gldm	LargeDependenceHighGrayLevelEmphasis	4238.152217419149
wavelet-LLH	gldm	LargeDependenceLowGrayLevelEmphasis	5.344395895369901
wavelet-LLH	gldm	LowGrayLevelEmphasis	0.03899110808104333
wavelet-LLH	gldm	SmallDependenceEmphasis	0.03433616272494994
wavelet-LLH	gldm	SmallDependenceHighGrayLevelEmphasis	1.124674389214264
wavelet-LLH	gldm	SmallDependenceLowGrayLevelEmphasis	0.001699947563229448
wavelet-LLH	glrlm	GrayLevelNonUniformity	8848.781449681495
wavelet-LLH	glrlm	GrayLevelNonUniformityNormalized	0.28587980651987244
wavelet-LLH	glrlm	GrayLevelVariance	1.0555907649920973
wavelet-LLH	glrlm	HighGrayLevelRunEmphasis	30.08108428408408
wavelet-LLH	glrlm	LongRunEmphasis	3.9843534678140307
wavelet-LLH	glrlm	LongRunHighGrayLevelEmphasis	117.44889745603193
wavelet-LLH	glrlm	LongRunLowGrayLevelEmphasis	0.1501769652885075
wavelet-LLH	glrlm	LowGrayLevelRunEmphasis	0.039969858142669214
wavelet-LLH	glrlm	RunEntropy	3.5797205550994002
wavelet-LLH	glrlm	RunLengthNonUniformity	14761.220534303256
wavelet-LLH	glrlm	RunLengthNonUniformityNormalized	0.4707751278114687
wavelet-LLH	glrlm	RunPercentage	0.6192855735362941
wavelet-LLH	glrlm	RunVariance	1.2909726063701683
wavelet-LLH	glrlm	ShortRunEmphasis	0.7071260056533349
wavelet-LLH	glrlm	ShortRunHighGrayLevelEmphasis	21.508504855664988
wavelet-LLH	glrlm	ShortRunLowGrayLevelEmphasis	0.02881478324643225
wavelet-LLH	glszm	GrayLevelNonUniformity	230.607370659107
wavelet-LLH	glszm	GrayLevelNonUniformityNormalized	0.16343541506669526
wavelet-LLH	glszm	GrayLevelVariance	3.5251092333648595
wavelet-LLH	glszm	HighGrayLevelZoneEmphasis	34.83274273564847
wavelet-LLH	glszm	LargeAreaEmphasis	505995.5818568391
wavelet-LLH	glszm	LargeAreaHighGrayLevelEmphasis	14927213.576187102
wavelet-LLH	glszm	LargeAreaLowGrayLevelEmphasis	17789.413716349063
wavelet-LLH	glszm	LowGrayLevelZoneEmphasis	0.05774136190002866
wavelet-LLH	glszm	SizeZoneNonUniformity	323.0368532955351
wavelet-LLH	glszm	SizeZoneNonUniformityNormalized	0.22894178121582925
wavelet-LLH	glszm	SmallAreaEmphasis	0.48504028459186727
wavelet-LLH	glszm	SmallAreaHighGrayLevelEmphasis	16.77528794217408
wavelet-LLH	glszm	SmallAreaLowGrayLevelEmphasis	0.02911044718589035
wavelet-LLH	glszm	ZoneEntropy	5.733477888482619
wavelet-LLH	glszm	ZonePercentage	0.02823807236631444
wavelet-LLH	glszm	ZoneVariance	504741.4883875353
wavelet-LLH	ngtdm	Busyness	72.95926767469501
wavelet-LLH	ngtdm	Coarseness	0.00015923629281283772
wavelet-LLH	ngtdm	Complexity	28.391816598401892
wavelet-LLH	ngtdm	Contrast	0.007999742306782475
wavelet-LLH	ngtdm	Strength	0.00981706550042036
wavelet-LHL	firstorder	10Percentile	-82.71719662153619
wavelet-LHL	firstorder	90Percentile	65.46118522813869
wavelet-LHL	firstorder	Energy	201424405.8780398
wavelet-LHL	firstorder	Entropy	3.3522111479664884
wavelet-LHL	firstorder	InterquartileRange	73.32438618995958
wavelet-LHL	firstorder	Kurtosis	4.882453444908016
wavelet-LHL	firstorder	Maximum	401.1125289748413
wavelet-LHL	firstorder	MeanAbsoluteDeviation	47.37919608022784
wavelet-LHL	firstorder	Mean	-6.178892258721763
wavelet-LHL	firstorder	Median	-4.257599134789764
wavelet-LHL	firstorder	Minimum	-420.52437591465645
wavelet-LHL	firstorder	Range	821.6369048894978
wavelet-LHL	firstorder	RobustMeanAbsoluteDeviation	30.77146441054975
wavelet-LHL	firstorder	RootMeanSquared	63.490692239740845
wavelet-LHL	firstorder	Skewness	-0.131407555000318
wavelet-LHL	firstorder	TotalEnergy	201424405.8780398
wavelet-LHL	firstorder	Uniformity	0.12291238390648788
wavelet-LHL	firstorder	Variance	3992.8892915365964
wavelet-LHL	glcm	Autocorrelation	296.9575018473769
wavelet-LHL	glcm	ClusterProminence	1105.218809683528
wavelet-LHL	glcm	ClusterShade	-12.088833098090454
wavelet-LHL	glcm	ClusterTendency	14.360115654926789
wavelet-LHL	glcm	Contrast	10.454197487397416
wavelet-LHL	glcm	Correlation	0.15168308423059765
wavelet-LHL	glcm	DifferenceAverage	2.3282160876543556
wavelet-LHL	glcm	DifferenceEntropy	2.748022948493748
wavelet-LHL	glcm	DifferenceVariance	4.6216072051342145
wavelet-LHL	glcm	Id	0.4413688605108701
wavelet-LHL	glcm	Idm	0.3678578255431199
wavelet-LHL	glcm	Idmn	0.9913799096553354
wavelet-LHL	glcm	Idn	0.9391481340157776
wavelet-LHL	glcm	Imc1	-0.05988071268077325
wavelet-LHL	glcm	Imc2	0.42809311651710613
wavelet-LHL	glcm	InverseVariance	0.35711638922897304
wavelet-LHL	glcm	JointAverage	17.204087353154026
wavelet-LHL	glcm	JointEnergy	0.018897439109235567
wavelet-LHL	glcm	JointEntropy	6.446898191821921
wavelet-LHL	glcm	MCC	0.37190437621593486
wavelet-LHL	glcm	MaximumProbability	0.04110622145692056
wavelet-LHL	glcm	SumAverage	34.40817470630806
wavelet-LHL	glcm	SumEntropy	3.888313422304624
wavelet-LHL	glcm	SumSquares	6.203578285581055
wavelet-LHL	gldm	DependenceEntropy	6.449102237746894
wavelet-LHL	gldm	DependenceNonUniformity	5816.1839177073325
wavelet-LHL	gldm	DependenceNonUniformityNormalized	0.11639817318498505
wavelet-LHL	gldm	DependenceVariance	7.338234412707451
wavelet-LHL	gldm	GrayLevelNonUniformity	6141.685999039385
wavelet-LHL	gldm	GrayLevelVariance	6.474711317244318
wavelet-LHL	gldm	HighGrayLevelEmphasis	304.0917587255844
wavelet-LHL	gldm	LargeDependenceEmphasis	28.777017291066283
wavelet-LHL	gldm	LargeDependenceHighGrayLevelEmphasis	8728.696505763688
wavelet-LHL	gldm	LargeDependenceLowGrayLevelEmphasis	0.09872943516356227
wavelet-LHL	gldm	LowGrayLevelEmphasis	0.0036749600492095285
wavelet-LHL	gldm	SmallDependenceEmphasis	0.16406099368130767
wavelet-LHL	gldm	SmallDependenceHighGrayLevelEmphasis	51.25008940480298
wavelet-LHL	gldm	SmallDependenceLowGrayLevelEmphasis	0.000677085464709705
wavelet-LHL	glrlm	GrayLevelNonUniformity	5026.083174680747
wavelet-LHL	glrlm	GrayLevelNonUniformityNormalized	0.11691225821972108
wavelet-LHL	glrlm	GrayLevelVariance	6.981001505123239
wavelet-LHL	glrlm	HighGrayLevelRunEmphasis	304.32012295564914
wavelet-LHL	glrlm	LongRunEmphasis	1.6060890764951512
wavelet-LHL	glrlm	LongRunHighGrayLevelEmphasis	488.0093411268748
wavelet-LHL	glrlm	LongRunLowGrayLevelEmphasis	0.005809763647822276
wavelet-LHL	glrlm	LowGrayLevelRunEmphasis	0.003707413303469986
wavelet-LHL	glrlm	RunEntropy	4.059955773510908
wavelet-LHL	glrlm	RunLengthNonUniformity	33214.82769872498
wavelet-LHL	glrlm	RunLengthNonUniformityNormalized	0.7667366514695323
wavelet-LHL	glrlm	RunPercentage	0.8603767949949505
wavelet-LHL	glrlm	RunVariance	0.23027131651560004
wavelet-LHL	glrlm	ShortRunEmphasis	0.8955743923237447
wavelet-LHL	glrlm	ShortRunHighGrayLevelEmphasis	272.7355465253752
wavelet-LHL	glrlm	ShortRunLowGrayLevelEmphasis	0.0033420477791795255
wavelet-LHL	glszm	GrayLevelNonUniformity	649.5393778188967
wavelet-LHL	glszm	GrayLevelNonUniformityNormalized	0.07511730979749008
wavelet-LHL	glszm	GrayLevelVariance	15.336434641049935
wavelet-LHL	glszm	HighGrayLevelZoneEmphasis	314.0900890482248
wavelet-LHL	glszm	LargeAreaEmphasis	16147.816121198104
wavelet-LHL	glszm	LargeAreaHighGrayLevelEmphasis	4874617.604834046
wavelet-LHL	glszm	LargeAreaLowGrayLevelEmphasis	54.05568919945898
wavelet-LHL	glszm	LowGrayLevelZoneEmphasis	0.004229494724566206
wavelet-LHL	glszm	SizeZoneNonUniformity	2674.1890829189315
wavelet-LHL	glszm	SizeZoneNonUniformityNormalized	0.3092620657937934
wavelet-LHL	glszm	SmallAreaEmphasis	0.5704740145454323
wavelet-LHL	glszm	SmallAreaHighGrayLevelEmphasis	181.7946619161453
wavelet-LHL	glszm	SmallAreaLowGrayLevelEmphasis	0.002499122558977541
wavelet-LHL	glszm	ZoneEntropy	6.380021993294106
wavelet-LHL	glszm	ZonePercentage	0.17305075248158822
wavelet-LHL	glszm	ZoneVariance	16114.423307398765
wavelet-LHL	ngtdm	Busyness	8.085752335138647
wavelet-LHL	ngtdm	Coarseness	0.00013529479555367222
wavelet-LHL	ngtdm	Complexity	931.7716032664409
wavelet-LHL	ngtdm	Contrast	0.020014560697382465
wavelet-LHL	ngtdm	Strength	0.08066110850484133
wavelet-LHH	firstorder	10Percentile	-13.906406236064297
wavelet-LHH	firstorder	90Percentile	14.269892832578114
wavelet-LHH	firstorder	Energy	7008061.758762492
wavelet-LHH	firstorder	Entropy	1.2614004257290554
wavelet-LHH	firstorder	InterquartileRange	14.319767236023768
wavelet-LHH	firstorder	Kurtosis	4.5604676009619745
wavelet-LHH	firstorder	Maximum	70.46366279787257
wavelet-LHH	firstorder	MeanAbsoluteDeviation	9.014540808332388
wavelet-LHH	firstorder	Mean	0.1183445002104062
wavelet-LHH	firstorder	Median	0.07632040549326918
wavelet-LHH	firstorder	Minimum	-74.69459438228537
wavelet-LHH	firstorder	Range	145.15825718015793
wavelet-LHH	firstorder	RobustMeanAbsoluteDeviation	5.980506581971362
wavelet-LHH	firstorder	RootMeanSquared	11.842761325492035
wavelet-LHH	firstorder	Skewness	-0.03471143574662123
wavelet-LHH	firstorder	TotalEnergy	7008061.758762492
wavelet-LHH	firstorder	Uniformity	0.45956053885373604
wavelet-LHH	firstorder	Variance	140.23699039183987
wavelet-LHH	glcm	Autocorrelation	12.294217783002237
wavelet-LHH	glcm	ClusterProminence	1.498624918680648
wavelet-LHH	glcm	ClusterShade	-0.00032156320188562283
wavelet-LHH	glcm	ClusterTendency	0.6733998007188735
wavelet-LHH	glcm	Contrast	0.6595701457247807
wavelet-LHH	glcm	Correlation	0.009491301859872955
wavelet-LHH	glcm	DifferenceAverage	0.5683045265861156
wavelet-LHH	glcm	DifferenceEntropy	1.1873953009756435
wavelet-LHH	glcm	DifferenceVariance	0.3271562190517666
wavelet-LHH	glcm	Id	0.7298445426977913
wavelet-LHH	glcm	Idm	0.724907234396621
wavelet-LHH	glcm	Idmn	0.9826432424988876
wavelet-LHH	glcm	Idn	0.9203832412163169
wavelet-LHH	glcm	Imc1	-0.030424012442926234
wavelet-LHH	glcm	Imc2	0.22857480181223935
wavelet-LHH	glcm	InverseVariance	0.49944333077548575
wavelet-LHH	glcm	JointAverage	3.5058178431077627
wavelet-LHH	glcm	JointEnergy	0.2223244336271864
wavelet-LHH	glcm	JointEntropy	2.454444277002122
wavelet-LHH	glcm	MCC	0.19241361245754232
wavelet-LHH	glcm	MaximumProbability	0.2634104961073075
wavelet-LHH	glcm	SumAverage	7.011635686215526
wavelet-LHH	glcm	SumEntropy	1.726336695492169
wavelet-LHH	glcm	SumSquares	0.3332424866109135
wavelet-LHH	gldm	DependenceEntropy	5.135152533917259
wavelet-LHH	gldm	DependenceNonUniformity	3520.347502401537
wavelet-LHH	gldm	DependenceNonUniformityNormalized	0.0704520393532168
wavelet-LHH	gldm	DependenceVariance	16.90295960243887
wavelet-LHH	gldm	GrayLevelNonUniformity	22963.321005443482
wavelet-LHH	gldm	GrayLevelVariance	0.34032305170986665
wavelet-LHH	gldm	HighGrayLevelEmphasis	12.617235030419469
wavelet-LHH	gldm	LargeDependenceEmphasis	146.062399935959
wavelet-LHH	gldm	LargeDependenceHighGrayLevelEmphasis	1834.2174991994877
wavelet-LHH	gldm	LargeDependenceLowGrayLevelEmphasis	12.655627979684777
wavelet-LHH	gldm	LowGrayLevelEmphasis	0.08967111173373181
wavelet-LHH	gldm	SmallDependenceEmphasis	0.02801836239775424
wavelet-LHH	gldm	SmallDependenceHighGrayLevelEmphasis	0.37953706415763083
wavelet-LHH	gldm	SmallDependenceLowGrayLevelEmphasis	0.0034604448975341603
wavelet-LHH	glrlm	GrayLevelNonUniformity	13193.744421495909
wavelet-LHH	glrlm	GrayLevelNonUniformityNormalized	0.4386551612421948
wavelet-LHH	glrlm	GrayLevelVariance	0.3907036522791085
wavelet-LHH	glrlm	HighGrayLevelRunEmphasis	12.657991775367002
wavelet-LHH	glrlm	LongRunEmphasis	4.252132543031441
wavelet-LHH	glrlm	LongRunHighGrayLevelEmphasis	53.4614858592492
wavelet-LHH	glrlm	LongRunLowGrayLevelEmphasis	0.3743078039223897
wavelet-LHH	glrlm	LowGrayLevelRunEmphasis	0.09146360335023435
wavelet-LHH	glrlm	RunEntropy	2.9410102002801035
wavelet-LHH	glrlm	RunLengthNonUniformity	13576.13969502544
wavelet-LHH	glrlm	RunLengthNonUniformityNormalized	0.44134930539807027
wavelet-LHH	glrlm	RunPercentage	0.6013525579447769
wavelet-LHH	glrlm	RunVariance	1.2863335471680368
wavelet-LHH	glrlm	ShortRunEmphasis	0.673507035654384
wavelet-LHH	glrlm	ShortRunHighGrayLevelEmphasis	8.554539839866932
wavelet-LHH	glrlm	ShortRunLowGrayLevelEmphasis	0.06292886073890802
wavelet-LHH	glszm	GrayLevelNonUniformity	318.81042654028437
wavelet-LHH	glszm	GrayLevelNonUniformityNormalized	0.3021899777633027
wavelet-LHH	glszm	GrayLevelVariance	2.018579995956964
wavelet-LHH	glszm	HighGrayLevelZoneEmphasis	14.351658767772513
wavelet-LHH	glszm	LargeAreaEmphasis	1061221.1772511848
wavelet-LHH	glszm	LargeAreaHighGrayLevelEmphasis	13301246.942180095
wavelet-LHH	glszm	LargeAreaLowGrayLevelEmphasis	91871.07495365982
wavelet-LHH	glszm	LowGrayLevelZoneEmphasis	0.1500479199578726
wavelet-LHH	glszm	SizeZoneNonUniformity	340.72322274881515
wavelet-LHH	glszm	SizeZoneNonUniformityNormalized	0.3229604007097774
wavelet-LHH	glszm	SmallAreaEmphasis	0.5825186912250658
wavelet-LHH	glszm	SmallAreaHighGrayLevelEmphasis	8.348875801204478
wavelet-LHH	glszm	SmallAreaLowGrayLevelEmphasis	0.08861401300282241
wavelet-LHH	glszm	ZoneEntropy	4.219300736074367
wavelet-LHH	glszm	ZonePercentage	0.02111351264809478
wavelet-LHH	glszm	ZoneVariance	1058977.920339615
wavelet-LHH	ngtdm	Busyness	408.8486446523734
wavelet-LHH	ngtdm	Coarseness	8.75839365767853e-05
wavelet-LHH	ngtdm	Complexity	8.733269931297517
wavelet-LHH	ngtdm	Contrast	0.012202253551493129
wavelet-LHH	ngtdm	Strength	0.0014543458579857676
wavelet-HLL	firstorder	10Percentile	-70.60972158056248
wavelet-HLL	firstorder	90Percentile	69.15847274325152
wavelet-HLL	firstorder	Energy	191337242.21882603
wavelet-HLL	firstorder	Entropy	3.2941959497791253
wavelet-HLL	firstorder	InterquartileRange	67.46129955326198
wavelet-HLL	firstorder	Kurtosis	5.87915936979505
wavelet-HLL	firstorder	Maximum	390.82496371713944
wavelet-HLL	firstorder	MeanAbsoluteDeviation	45.15423538360866
wavelet-HLL	firstorder	Mean	-0.7402722868444158
wavelet-HLL	firstorder	Median	-0.5240442835630497
wavelet-HLL	firstorder	Minimum	-422.175725231592
wavelet-HLL	firstorder	Range	813.0006889487315
wavelet-HLL	firstorder	RobustMeanAbsoluteDeviation	28.49647129603827
wavelet-HLL	firstorder	RootMeanSquared	61.88049393399676
wavelet-HLL	firstorder	Skewness	-0.07175544607125538
wavelet-HLL	firstorder	TotalEnergy	191337242.21882603
wavelet-HLL	firstorder	Uniformity	0.1310245954144562
wavelet-HLL	firstorder	Variance	3828.6475264567416
wavelet-HLL	glcm	Autocorrelation	305.63118810719664
wavelet-HLL	glcm	ClusterProminence	1252.4394844826236
wavelet-HLL	glcm	ClusterShade	-0.8731637700143308
wavelet-HLL	glcm	ClusterTendency	13.911591647659822
wavelet-HLL	glcm	Contrast	9.720313937668164
wavelet-HLL	glcm	Correlation	0.17395527821025614
wavelet-HLL	glcm	DifferenceAverage	2.1852204209808974
wavelet-HLL	glcm	DifferenceEntropy	2.6855173539343857
wavelet-HLL	glcm	DifferenceVariance	4.595252266536268
wavelet-HLL	glcm	Id	0.4597781050067565
wavelet-HLL	glcm	Idm	0.3904833163725019
wavelet-HLL	glcm	Idmn	0.991565386776075
wavelet-HLL	glcm	Idn	0.9412302457042787
wavelet-HLL	glcm	Imc1	-0.06338763713057528
wavelet-HLL	glcm	Imc2	0.4476255638230322
wavelet-HLL	glcm	InverseVariance	0.3727083671772029
wavelet-HLL	glcm	JointAverage	17.452307379715283
wavelet-HLL	glcm	JointEnergy	0.021961666113932354
wavelet-HLL	glcm	JointEntropy	6.315278916321677
wavelet-HLL	glcm	MCC	0.40406669724131716
wavelet-HLL	glcm	MaximumProbability	0.04937965569287447
wavelet-HLL	glcm	SumAverage	34.90461475943059
wavelet-HLL	glcm	SumEntropy	3.842474749376933
wavelet-HLL	glcm	SumSquares	5.907976396331997
wavelet-HLL	gldm	DependenceEntropy	6.474176457386576
wavelet-HLL	gldm	DependenceNonUniformity	5347.382804995197
wavelet-HLL	gldm	DependenceNonUniformityNormalized	0.10701614643362145
wavelet-HLL	gldm	DependenceVariance	8.648818572416607
wavelet-HLL	gldm	GrayLevelNonUniformity	6547.036983669548
wavelet-HLL	gldm	GrayLevelVariance	6.204395251000986
wavelet-HLL	gldm	HighGrayLevelEmphasis	311.4801472942683
wavelet-HLL	gldm	LargeDependenceEmphasis	33.33401376881204
wavelet-HLL	gldm	LargeDependenceHighGrayLevelEmphasis	10273.803154018571
wavelet-HLL	gldm	LargeDependenceLowGrayLevelEmphasis	0.1118299646335072
wavelet-HLL	gldm	LowGrayLevelEmphasis	0.003612110249481697
wavelet-HLL	gldm	SmallDependenceEmphasis	0.15153366845298016
wavelet-HLL	gldm	SmallDependenceHighGrayLevelEmphasis	48.31940205666647
wavelet-HLL	gldm	SmallDependenceLowGrayLevelEmphasis	0.0006546675148728307
wavelet-HLL	glrlm	GrayLevelNonUniformity	5217.406824287992
wavelet-HLL	glrlm	GrayLevelNonUniformityNormalized	0.12319548117474027
wavelet-HLL	glrlm	GrayLevelVariance	6.79710754390411
wavelet-HLL	glrlm	HighGrayLevelRunEmphasis	311.99927507728796
wavelet-HLL	glrlm	LongRunEmphasis	1.6872064360252588
wavelet-HLL	glrlm	LongRunHighGrayLevelEmphasis	524.0375125082545
wavelet-HLL	glrlm	LongRunLowGrayLevelEmphasis	0.005977883250739848
wavelet-HLL	glrlm	LowGrayLevelRunEmphasis	0.0036530064739031917
wavelet-HLL	glrlm	RunEntropy	4.062448536316765
wavelet-HLL	glrlm	RunLengthNonUniformity	31944.768335051853
wavelet-HLL	glrlm	RunLengthNonUniformityNormalized	0.7483309860692366
wavelet-HLL	glrlm	RunPercentage	0.8473684696667405
wavelet-HLL	glrlm	RunVariance	0.26534528209630037
wavelet-HLL	glrlm	ShortRunEmphasis	0.886020234998552
wavelet-HLL	glrlm	ShortRunHighGrayLevelEmphasis	276.77909084637844
wavelet-HLL	glrlm	ShortRunLowGrayLevelEmphasis	0.0032646412381156322
wavelet-HLL	glszm	GrayLevelNonUniformity	582.6209912536443
wavelet-HLL	glszm	GrayLevelNonUniformityNormalized	0.07385232491489978
wavelet-HLL	glszm	GrayLevelVariance	16.374684776113295
wavelet-HLL	glszm	HighGrayLevelZoneEmphasis	322.01939409304094
wavelet-HLL	glszm	LargeAreaEmphasis	21137.13347699328
wavelet-HLL	glszm	LargeAreaHighGrayLevelEmphasis	6437268.6122448975
wavelet-HLL	glszm	LargeAreaLowGrayLevelEmphasis	70.08308759664196
wavelet-HLL	glszm	LowGrayLevelZoneEmphasis	0.004437282702667279
wavelet-HLL	glszm	SizeZoneNonUniformity	2434.30155913297
wavelet-HLL	glszm	SizeZoneNonUniformityNormalized	0.30856909102965774
wavelet-HLL	glszm	SmallAreaEmphasis	0.5698871942652477
wavelet-HLL	glszm	SmallAreaHighGrayLevelEmphasis	183.96836744989213
wavelet-HLL	glszm	SmallAreaLowGrayLevelEmphasis	0.002732736508156232
wavelet-HLL	glszm	ZoneEntropy	6.421826888582597
wavelet-HLL	glszm	ZonePercentage	0.15788104386807555
wavelet-HLL	glszm	ZoneVariance	21097.015407931973
wavelet-HLL	ngtdm	Busyness	7.831460209113885
wavelet-HLL	ngtdm	Coarseness	0.0001417634434944837
wavelet-HLL	ngtdm	Complexity	810.3480629338817
wavelet-HLL	ngtdm	Contrast	0.01902459464563756
wavelet-HLL	ngtdm	Strength	0.0792126231194854
wavelet-HLH	firstorder	10Percentile	-13.577122331018305
wavelet-HLH	firstorder	90Percentile	13.542127906079168
wavelet-HLH	firstorder	Energy	6739597.698507536
wavelet-HLH	firstorder	Entropy	1.2545051323757936
wavelet-HLH	firstorder	InterquartileRange	13.56457047794294
wavelet-HLH	firstorder	Kurtosis	5.2990675845537405
wavelet-HLH	firstorder	Maximum	74.56996139382969
wavelet-HLH	firstorder	MeanAbsoluteDeviation	8.702424547015921
wavelet-HLH	firstorder	Mean	-0.05626601085290742
wavelet-HLH	firstorder	Median	-0.014094407295471525
wavelet-HLH	firstorder	Minimum	-81.98683193385199
wavelet-HLH	firstorder	Range	156.55679332768167
wavelet-HLH	firstorder	RobustMeanAbsoluteDeviation	5.680581462466383
wavelet-HLH	firstorder	RootMeanSquared	11.613710693263954
wavelet-HLH	firstorder	Skewness	-0.08977511953906679
wavelet-HLH	firstorder	TotalEnergy	6739597.698507536
wavelet-HLH	firstorder	Uniformity	0.4614635138823141
wavelet-HLH	firstorder	Variance	134.87511020285618
wavelet-HLH	glcm	Autocorrelation	20.237121995538004
wavelet-HLH	glcm	ClusterProminence	1.5670747819746385
wavelet-HLH	glcm	ClusterShade	-0.02160209957153747
wavelet-HLH	glcm	ClusterTendency	0.675703800672329
wavelet-HLH	glcm	Contrast	0.6528453607912852
wavelet-HLH	glcm	Correlation	0.016712972431735584
wavelet-HLH	glcm	DifferenceAverage	0.5605276837051991
wavelet-HLH	glcm	DifferenceEntropy	1.1828954043923643
wavelet-HLH	glcm	DifferenceVariance	0.32940521761573144
wavelet-HLH	glcm	Id	0.733493904261391
wavelet-HLH	glcm	Idm	0.7288338900227218
wavelet-HLH	glcm	Idmn	0.9872364603057968
wavelet-HLH	glcm	Idn	0.9311582168754994
wavelet-HLH	glcm	Imc1	-0.03196431930376164
wavelet-HLH	glcm	Imc2	0.2325219626723203
wavelet-HLH	glcm	InverseVariance	0.49419356178747564
wavelet-HLH	glcm	JointAverage	4.497933551690976
wavelet-HLH	glcm	JointEnergy	0.22398660652912372
wavelet-HLH	glcm	JointEntropy	2.4415687889076816
wavelet-HLH	glcm	MCC	0.22088618098851065
wavelet-HLH	glcm	MaximumProbability	0.26235885818058136
wavelet-HLH	glcm	SumAverage	8.995867103381952
wavelet-HLH	glcm	SumEntropy	1.726098365483224
wavelet-HLH	glcm	SumSquares	0.33213729036590356
wavelet-HLH	gldm	DependenceEntropy	5.13591397001356
wavelet-HLH	gldm	DependenceNonUniformity	3540.7024495677233
wavelet-HLH	gldm	DependenceNonUniformityNormalized	0.07085939900671877
wavelet-HLH	gldm	DependenceVariance	16.981051286207737
wavelet-HLH	gldm	GrayLevelNonUniformity	23058.40886167147
wavelet-HLH	gldm	GrayLevelVariance	0.3387328661236563
wavelet-HLH	gldm	HighGrayLevelEmphasis	20.570905379442845
wavelet-HLH	gldm	LargeDependenceEmphasis	149.40417867435158
wavelet-HLH	gldm	LargeDependenceHighGrayLevelEmphasis	3062.4888928914506
wavelet-HLH	gldm	LargeDependenceLowGrayLevelEmphasis	7.670156864338755
wavelet-HLH	gldm	LowGrayLevelEmphasis	0.0522520841910251
wavelet-HLH	gldm	SmallDependenceEmphasis	0.026979083375118184
wavelet-HLH	gldm	SmallDependenceHighGrayLevelEmphasis	0.5882806509969557
wavelet-HLH	gldm	SmallDependenceLowGrayLevelEmphasis	0.0016740750071408197
wavelet-HLH	glrlm	GrayLevelNonUniformity	13149.699276835569
wavelet-HLH	glrlm	GrayLevelNonUniformityNormalized	0.4412831864395399
wavelet-HLH	glrlm	GrayLevelVariance	0.3888242229555952
wavelet-HLH	glrlm	HighGrayLevelRunEmphasis	20.62122654821877
wavelet-HLH	glrlm	LongRunEmphasis	4.339345555255347
wavelet-HLH	glrlm	LongRunHighGrayLevelEmphasis	89.03508633698488
wavelet-HLH	glrlm	LongRunLowGrayLevelEmphasis	0.22459809248706183
wavelet-HLH	glrlm	LowGrayLevelRunEmphasis	0.052800089434118416
wavelet-HLH	glrlm	RunEntropy	2.95269835595889
wavelet-HLH	glrlm	RunLengthNonUniformity	13290.977296871606
wavelet-HLH	glrlm	RunLengthNonUniformityNormalized	0.43629492210083176
wavelet-HLH	glrlm	RunPercentage	0.5958644301583783
wavelet-HLH	glrlm	RunVariance	1.3195566780847452
wavelet-HLH	glrlm	ShortRunEmphasis	0.6685658572042392
wavelet-HLH	glrlm	ShortRunHighGrayLevelEmphasis	13.822740077898485
wavelet-HLH	glrlm	ShortRunLowGrayLevelEmphasis	0.0357081728660345
wavelet-HLH	glszm	GrayLevelNonUniformity	278.6858846918489
wavelet-HLH	glszm	GrayLevelNonUniformityNormalized	0.2770237422384184
wavelet-HLH	glszm	GrayLevelVariance	1.9941000122525288
wavelet-HLH	glszm	HighGrayLevelZoneEmphasis	22.58548707753479
wavelet-HLH	glszm	LargeAreaEmphasis	1115803.675944334
wavelet-HLH	glszm	LargeAreaHighGrayLevelEmphasis	22877591.784294236
wavelet-HLH	glszm	LargeAreaLowGrayLevelEmphasis	57176.27426311744
wavelet-HLH	glszm	LowGrayLevelZoneEmphasis	0.07045924565982788
wavelet-HLH	glszm	SizeZoneNonUniformity	328.25646123260435
wavelet-HLH	glszm	SizeZoneNonUniformityNormalized	0.32629866921730055
wavelet-HLH	glszm	SmallAreaEmphasis	0.5838506725378144
wavelet-HLH	glszm	SmallAreaHighGrayLevelEmphasis	13.393778568381133
wavelet-HLH	glszm	SmallAreaLowGrayLevelEmphasis	0.04074560201424504
wavelet-HLH	glszm	ZoneEntropy	4.313305859326039
wavelet-HLH	glszm	ZonePercentage	0.020132885046429714
wavelet-HLH	glszm	ZoneVariance	1113336.5690192836
wavelet-HLH	ngtdm	Busyness	254.78897524062515
wavelet-HLH	ngtdm	Coarseness	8.807501915972892e-05
wavelet-HLH	ngtdm	Complexity	12.348938656686194
wavelet-HLH	ngtdm	Contrast	0.00858419859165645
wavelet-HLH	ngtdm	Strength	0.0024147932167740646
wavelet-HHL	firstorder	10Percentile	-41.919319998403324
wavelet-HHL	firstorder	90Percentile	40.635042838322164
wavelet-HHL	firstorder	Energy	58652136.4935856
wavelet-HHL	firstorder	Entropy	2.5165585687204453
wavelet-HHL	firstorder	InterquartileRange	41.75348271652965
wavelet-HHL	firstorder	Kurtosis	4.263304754479008
wavelet-HHL	firstorder	Maximum	195.97224717459284
wavelet-HHL	firstorder	MeanAbsoluteDeviation	26.199449879716287
wavelet-HHL	firstorder	Mean	-0.4462444873636414
wavelet-HHL	firstorder	Median	-0.4539151338859677
wavelet-HHL	firstorder	Minimum	-218.75028969212784
wavelet-HHL	firstorder	Range	414.7225368667207
wavelet-HHL	firstorder	RobustMeanAbsoluteDeviation	17.420485456461172
wavelet-HHL	firstorder	RootMeanSquared	34.26067655497823
wavelet-HHL	firstorder	Skewness	0.014728497531218436
wavelet-HHL	firstorder	TotalEnergy	58652136.4935856
wavelet-HHL	firstorder	Uniformity	0.21405904630067954
wavelet-HHL	firstorder	Variance	1173.5948238623325
wavelet-HHL	glcm	Autocorrelation	90.00725067330792
wavelet-HHL	glcm	ClusterProminence	67.48943605108661
wavelet-HHL	glcm	ClusterShade	0.1817827222237264
wavelet-HHL	glcm	ClusterTendency	3.8102938766652157
wavelet-HHL	glcm	Contrast	3.9225386459904383
wavelet-HHL	glcm	Correlation	-0.015163395031792223
wavelet-HHL	glcm	DifferenceAverage	1.4557528360129401
wavelet-HHL	glcm	DifferenceEntropy	2.194375239512653
wavelet-HHL	glcm	DifferenceVariance	1.7194350000496141
wavelet-HHL	glcm	Id	0.5354940850295906
wavelet-HHL	glcm	Idm	0.4822152919017567
wavelet-HHL	glcm	Idmn	0.9871608316302704
wavelet-HHL	glcm	Idn	0.9256153302020442
wavelet-HHL	glcm	Imc1	-0.040585647980270534
wavelet-HHL	glcm	Imc2	0.3248043941245301
wavelet-HHL	glcm	InverseVariance	0.4397332190557707
wavelet-HHL	glcm	JointAverage	9.48869157802491
wavelet-HHL	glcm	JointEnergy	0.05168790848527968
wavelet-HHL	glcm	JointEntropy	4.9083712511445645
wavelet-HHL	glcm	MCC	0.271133079761895
wavelet-HHL	glcm	MaximumProbability	0.09762142508190584
wavelet-HHL	glcm	SumAverage	18.97738315604982
wavelet-HHL	glcm	SumEntropy	2.962702044828919
wavelet-HHL	glcm	SumSquares	1.933208130663914
wavelet-HHL	gldm	DependenceEntropy	5.8563773541618405
wavelet-HHL	gldm	DependenceNonUniformity	4175.150096061479
wavelet-HHL	gldm	DependenceNonUniformityNormalized	0.08355647806719259
wavelet-HHL	gldm	DependenceVariance	12.428099356626985
wavelet-HHL	gldm	GrayLevelNonUniformity	10696.102425552353
wavelet-HHL	gldm	GrayLevelVariance	1.9669849927136203
wavelet-HHL	gldm	HighGrayLevelEmphasis	91.8401777137368
wavelet-HHL	gldm	LargeDependenceEmphasis	51.991514569324366
wavelet-HHL	gldm	LargeDependenceHighGrayLevelEmphasis	4716.001520973423
wavelet-HHL	gldm	LargeDependenceLowGrayLevelEmphasis	0.5916423816232586
wavelet-HHL	gldm	LowGrayLevelEmphasis	0.012031345820417537
wavelet-HHL	gldm	SmallDependenceEmphasis	0.1019197572174317
wavelet-HHL	gldm	SmallDependenceHighGrayLevelEmphasis	9.676129451112441
wavelet-HHL	gldm	SmallDependenceLowGrayLevelEmphasis	0.0014166507371317133
wavelet-HHL	glrlm	GrayLevelNonUniformity	7820.702877102444
wavelet-HHL	glrlm	GrayLevelNonUniformityNormalized	0.1965656304321903
wavelet-HHL	glrlm	GrayLevelVariance	2.2314012348499923
wavelet-HHL	glrlm	HighGrayLevelRunEmphasis	92.07199765149689
wavelet-HHL	glrlm	LongRunEmphasis	2.060821888575742
wavelet-HHL	glrlm	LongRunHighGrayLevelEmphasis	188.54082980572764
wavelet-HHL	glrlm	LongRunLowGrayLevelEmphasis	0.024357124292941144
wavelet-HHL	glrlm	LowGrayLevelRunEmphasis	0.012169667091336886
wavelet-HHL	glrlm	RunEntropy	3.4782572336966755
wavelet-HHL	glrlm	RunLengthNonUniformity	27340.846630676264
wavelet-HHL	glrlm	RunLengthNonUniformityNormalized	0.6788667895074626
wavelet-HHL	glrlm	RunPercentage	0.7965405551860882
wavelet-HHL	glrlm	RunVariance	0.4190976844259631
wavelet-HHL	glrlm	ShortRunEmphasis	0.8467470826796915
wavelet-HHL	glrlm	ShortRunHighGrayLevelEmphasis	78.12056358407979
wavelet-HHL	glrlm	ShortRunLowGrayLevelEmphasis	0.01039827651566576
wavelet-HHL	glszm	GrayLevelNonUniformity	606.7417688831504
wavelet-HHL	glszm	GrayLevelNonUniformityNormalized	0.13056633718165492
wavelet-HHL	glszm	GrayLevelVariance	6.5997188464954375
wavelet-HHL	glszm	HighGrayLevelZoneEmphasis	96.1213686249193
wavelet-HHL	glszm	LargeAreaEmphasis	91626.87626425651
wavelet-HHL	glszm	LargeAreaHighGrayLevelEmphasis	8325477.907467183
wavelet-HHL	glszm	LargeAreaLowGrayLevelEmphasis	1031.0884196491074
wavelet-HHL	glszm	LowGrayLevelZoneEmphasis	0.014735510546097001
wavelet-HHL	glszm	SizeZoneNonUniformity	1442.2778136432107
wavelet-HHL	glszm	SizeZoneNonUniformityNormalized	0.3103675088537144
wavelet-HHL	glszm	SmallAreaEmphasis	0.5652505261416745
wavelet-HHL	glszm	SmallAreaHighGrayLevelEmphasis	54.92738530381704
wavelet-HHL	glszm	SmallAreaLowGrayLevelEmphasis	0.008560609603001873
wavelet-HHL	glszm	ZoneEntropy	5.481659982416662
wavelet-HHL	glszm	ZonePercentage	0.09299951969260327
wavelet-HHL	glszm	ZoneVariance	91511.25476705784
wavelet-HHL	ngtdm	Busyness	33.952208389719836
wavelet-HHL	ngtdm	Coarseness	0.0001223830787082231
wavelet-HHL	ngtdm	Complexity	149.53597740096174
wavelet-HHL	ngtdm	Contrast	0.016246402972004102
wavelet-HHL	ngtdm	Strength	0.015869094779880938
wavelet-HHH	firstorder	10Percentile	-9.242560574612897
wavelet-HHH	firstorder	90Percentile	9.385657453836
wavelet-HHH	firstorder	Energy	2908100.1700868704
wavelet-HHH	firstorder	Entropy	1.0446730868829626
wavelet-HHH	firstorder	InterquartileRange	9.52702315419952
wavelet-HHH	firstorder	Kurtosis	3.945111007079517
wavelet-HHH	firstorder	Maximum	45.190677979952156
wavelet-HHH	firstorder	MeanAbsoluteDeviation	5.892038585107609
wavelet-HHH	firstorder	Mean	0.044742318150877515
wavelet-HHH	firstorder	Median	-0.0014122247952334
wavelet-HHH	firstorder	Minimum	-41.59307414088075
wavelet-HHH	firstorder	Range	86.7837521208329
wavelet-HHH	firstorder	RobustMeanAbsoluteDeviation	3.970456945861953
wavelet-HHH	firstorder	RootMeanSquared	7.628843354161082
wavelet-HHH	firstorder	Skewness	0.013450765443174244
wavelet-HHH	firstorder	TotalEnergy	2908100.1700868704
wavelet-HHH	firstorder	Uniformity	0.49512090956271565
wavelet-HHH	firstorder	Variance	58.19724904729419
wavelet-HHH	glcm	Autocorrelation	6.242155112743133
wavelet-HHH	glcm	ClusterProminence	0.5593458079323925
wavelet-HHH	glcm	ClusterShade	0.000639733827104415
wavelet-HHH	glcm	ClusterTendency	0.5054816540108018
wavelet-HHH	glcm	Contrast	0.5296967228989625
wavelet-HHH	glcm	Correlation	-0.023392160218638967
wavelet-HHH	glcm	DifferenceAverage	0.5199144149176226
wavelet-HHH	glcm	DifferenceEntropy	1.027985625607133
wavelet-HHH	glcm	DifferenceVariance	0.2556564256663448
wavelet-HHH	glcm	Id	0.7416471652684093
wavelet-HHH	glcm	Idm	0.7410210233393226
wavelet-HHH	glcm	Idmn	0.9690206082976711
wavelet-HHH	glcm	Idn	0.8963402211564628
wavelet-HHH	glcm	Imc1	-0.011711498115192084
wavelet-HHH	glcm	Imc2	0.1193999763160753
wavelet-HHH	glcm	InverseVariance	0.511600563721566
wavelet-HHH	glcm	JointAverage	2.4996417274663263
wavelet-HHH	glcm	JointEnergy	0.24940922291651663
wavelet-HHH	glcm	JointEntropy	2.0693004050963855
wavelet-HHH	glcm	MCC	0.09956980737674671
wavelet-HHH	glcm	MaximumProbability	0.2708064598428581
wavelet-HHH	glcm	SumAverage	4.999283454932652
wavelet-HHH	glcm	SumEntropy	1.5159116909799315
wavelet-HHH	glcm	SumSquares	0.25879459422744105
wavelet-HHH	gldm	DependenceEntropy	4.684291532547566
wavelet-HHH	gldm	DependenceNonUniformity	4713.828410182517
wavelet-HHH	gldm	DependenceNonUniformityNormalized	0.09433694384771288
wavelet-HHH	gldm	DependenceVariance	11.124428105008661
wavelet-HHH	gldm	GrayLevelNonUniformity	24740.20160902978
wavelet-HHH	gldm	GrayLevelVariance	0.2598062563915386
wavelet-HHH	gldm	HighGrayLevelEmphasis	6.509105827729747
wavelet-HHH	gldm	LargeDependenceEmphasis	145.7369916746718
wavelet-HHH	gldm	LargeDependenceHighGrayLevelEmphasis	946.0055435478706
wavelet-HHH	gldm	LargeDependenceLowGrayLevelEmphasis	26.355498769212296
wavelet-HHH	gldm	LowGrayLevelEmphasis	0.18231015071868217
wavelet-HHH	gldm	SmallDependenceEmphasis	0.017894025176882124
wavelet-HHH	gldm	SmallDependenceHighGrayLevelEmphasis	0.12374679064770389
wavelet-HHH	gldm	SmallDependenceLowGrayLevelEmphasis	0.004337572170493929
wavelet-HHH	glrlm	GrayLevelNonUniformity	14558.24597154914
wavelet-HHH	glrlm	GrayLevelNonUniformityNormalized	0.491916830728794
wavelet-HHH	glrlm	GrayLevelVariance	0.26630126346403293
wavelet-HHH	glrlm	HighGrayLevelRunEmphasis	6.517929846090235
wavelet-HHH	glrlm	LongRunEmphasis	4.144786064559818
wavelet-HHH	glrlm	LongRunHighGrayLevelEmphasis	26.93014000441538
wavelet-HHH	glrlm	LongRunLowGrayLevelEmphasis	0.7522749310683557
wavelet-HHH	glrlm	LowGrayLevelRunEmphasis	0.18339067209996934
wavelet-HHH	glrlm	RunEntropy	2.685204960206114
wavelet-HHH	glrlm	RunLengthNonUniformity	12889.89097794245
wavelet-HHH	glrlm	RunLengthNonUniformityNormalized	0.43115206075686685
wavelet-HHH	glrlm	RunPercentage	0.5922205596196951
wavelet-HHH	glrlm	RunVariance	1.2047455196891632
wavelet-HHH	glrlm	ShortRunEmphasis	0.6624511434320338
wavelet-HHH	glrlm	ShortRunHighGrayLevelEmphasis	4.323246990083091
wavelet-HHH	glrlm	ShortRunLowGrayLevelEmphasis	0.12239523293044173
wavelet-HHH	glszm	GrayLevelNonUniformity	100.21608040201005
wavelet-HHH	glszm	GrayLevelNonUniformityNormalized	0.251799196989975
wavelet-HHH	glszm	GrayLevelVariance	1.1788843716067776
wavelet-HHH	glszm	HighGrayLevelZoneEmphasis	7.567839195979899
wavelet-HHH	glszm	LargeAreaEmphasis	3047568.4572864324
wavelet-HHH	glszm	LargeAreaHighGrayLevelEmphasis	19810741.213567838
wavelet-HHH	glszm	LargeAreaLowGrayLevelEmphasis	550212.8965487158
wavelet-HHH	glszm	LowGrayLevelZoneEmphasis	0.33776521496370737
wavelet-HHH	glszm	SizeZoneNonUniformity	200.9497487437186
wavelet-HHH	glszm	SizeZoneNonUniformityNormalized	0.5048988661902477
wavelet-HHH	glszm	SmallAreaEmphasis	0.7370646177814262
wavelet-HHH	glszm	SmallAreaHighGrayLevelEmphasis	5.7178834567889565
wavelet-HHH	glszm	SmallAreaLowGrayLevelEmphasis	0.2580845582029891
wavelet-HHH	glszm	ZoneEntropy	3.472400318398856
wavelet-HHH	glszm	ZonePercentage	0.007965097662504002
wavelet-HHH	glszm	ZoneVariance	3031806.222595389
wavelet-HHH	ngtdm	Busyness	1161.2699768834411
wavelet-HHH	ngtdm	Coarseness	7.892201087244036e-05
wavelet-HHH	ngtdm	Complexity	3.5752508890342765
wavelet-HHH	ngtdm	Contrast	0.02239463126469701
wavelet-HHH	ngtdm	Strength	0.0004673838321753164
wavelet-LLL	firstorder	10Percentile	645.7557196096083
wavelet-LLL	firstorder	90Percentile	1634.0248149281383
wavelet-LLL	firstorder	Energy	73672044667.97136
wavelet-LLL	firstorder	Entropy	5.907259017784566
wavelet-LLL	firstorder	InterquartileRange	508.58322111393477
wavelet-LLL	firstorder	Kurtosis	2.703457793475967
wavelet-LLL	firstorder	Maximum	2323.4730971598883
wavelet-LLL	firstorder	MeanAbsoluteDeviation	298.0069862899475
wavelet-LLL	firstorder	Mean	1155.6361047122991
wavelet-LLL	firstorder	Median	1188.4100993560767
wavelet-LLL	firstorder	Minimum	125.06223230410072
wavelet-LLL	firstorder	Range	2198.4108648557876
wavelet-LLL	firstorder	RobustMeanAbsoluteDeviation	208.9946429592292
wavelet-LLL	firstorder	RootMeanSquared	1214.2423561377968
wavelet-LLL	firstorder	Skewness	-0.09253360935455002
wavelet-LLL	firstorder	TotalEnergy	73672044667.97136
wavelet-LLL	firstorder	Uniformity	0.01949313042255465
wavelet-LLL	firstorder	Variance	138889.6929244524
wavelet-LLL	glcm	Autocorrelation	2124.4392127555916
wavelet-LLL	glcm	ClusterProminence	1654449.9540024514
wavelet-LLL	glcm	ClusterShade	-2973.7556624143003
wavelet-LLL	glcm	ClusterTendency	743.7701280773617
wavelet-LLL	glcm	Contrast	39.00261945854815
wavelet-LLL	glcm	Correlation	0.8992879446503567
wavelet-LLL	glcm	DifferenceAverage	4.42083505628983
wavelet-LLL	glcm	DifferenceEntropy	3.6475259306783627
wavelet-LLL	glcm	DifferenceVariance	18.696027785188477
wavelet-LLL	glcm	Id	0.3247241551261132
wavelet-LLL	glcm	Idm	0.23786478663545668
wavelet-LLL	glcm	Idmn	0.995106267719711
wavelet-LLL	glcm	Idn	0.9541615167707249
wavelet-LLL	glcm	Imc1	-0.23503565171087643
wavelet-LLL	glcm	Imc2	0.9613981189894386
wavelet-LLL	glcm	InverseVariance	0.24275423526441248
wavelet-LLL	glcm	JointAverage	44.13643320720518
wavelet-LLL	glcm	JointEnergy	0.0013723666925717236
wavelet-LLL	glcm	JointEntropy	10.261097100537285
wavelet-LLL	glcm	MCC	0.9014063672998153
wavelet-LLL	glcm	MaximumProbability	0.0045285339651837415
wavelet-LLL	glcm	SumAverage	88.27286641441029
wavelet-LLL	glcm	SumEntropy	6.773640137825486
wavelet-LLL	glcm	SumSquares	195.69318688397757
wavelet-LLL	gldm	DependenceEntropy	8.525450204983947
wavelet-LLL	gldm	DependenceNonUniformity	9038.082933077168
wavelet-LLL	gldm	DependenceNonUniformityNormalized	0.1808774202104781
wavelet-LLL	gldm	DependenceVariance	3.8325456950789842
wavelet-LLL	gldm	GrayLevelNonUniformity	974.0327409542107
wavelet-LLL	gldm	GrayLevelVariance	222.32902296662948
wavelet-LLL	gldm	HighGrayLevelEmphasis	1963.2665706051873
wavelet-LLL	gldm	LargeDependenceEmphasis	13.205691642651297
wavelet-LLL	gldm	LargeDependenceHighGrayLevelEmphasis	28565.66930835735
wavelet-LLL	gldm	LargeDependenceLowGrayLevelEmphasis	0.012983817380727436
wavelet-LLL	gldm	LowGrayLevelEmphasis	0.0013804350815447848
wavelet-LLL	gldm	SmallDependenceEmphasis	0.3236957034833256
wavelet-LLL	gldm	SmallDependenceHighGrayLevelEmphasis	548.7918838183502
wavelet-LLL	gldm	SmallDependenceLowGrayLevelEmphasis	0.0005621240464682735
wavelet-LLL	glrlm	GrayLevelNonUniformity	882.2241935366053
wavelet-LLL	glrlm	GrayLevelNonUniformityNormalized	0.019176205572671683
wavelet-LLL	glrlm	GrayLevelVariance	225.20111728604405
wavelet-LLL	glrlm	HighGrayLevelRunEmphasis	1946.5638417072146
wavelet-LLL	glrlm	LongRunEmphasis	1.288258170662599
wavelet-LLL	glrlm	LongRunHighGrayLevelEmphasis	2567.639145544705
wavelet-LLL	glrlm	LongRunLowGrayLevelEmphasis	0.0017061906960941543
wavelet-LLL	glrlm	LowGrayLevelRunEmphasis	0.001408506122073226
wavelet-LLL	glrlm	RunEntropy	6.338883246635827
wavelet-LLL	glrlm	RunLengthNonUniformity	39586.516197401754
wavelet-LLL	glrlm	RunLengthNonUniformityNormalized	0.8597010050636023
wavelet-LLL	glrlm	RunPercentage	0.9207092539225104
wavelet-LLL	glrlm	RunVariance	0.10643210854941475
wavelet-LLL	glrlm	ShortRunEmphasis	0.9420164427004613
wavelet-LLL	glrlm	ShortRunHighGrayLevelEmphasis	1821.584506102781
wavelet-LLL	glrlm	ShortRunLowGrayLevelEmphasis	0.0013456082199713086
wavelet-LLL	glszm	GrayLevelNonUniformity	326.7705025016315
wavelet-LLL	glszm	GrayLevelNonUniformityNormalized	0.0177708561290859
wavelet-LLL	glszm	GrayLevelVariance	240.10726655382734
wavelet-LLL	glszm	HighGrayLevelZoneEmphasis	1670.6112138351098
wavelet-LLL	glszm	LargeAreaEmphasis	185.34663911246466
wavelet-LLL	glszm	LargeAreaHighGrayLevelEmphasis	380760.3323906896
wavelet-LLL	glszm	LargeAreaLowGrayLevelEmphasis	0.10363188244053678
wavelet-LLL	glszm	LowGrayLevelZoneEmphasis	0.0018082332271026503
wavelet-LLL	glszm	SizeZoneNonUniformity	7611.274200565586
wavelet-LLL	glszm	SizeZoneNonUniformityNormalized	0.413926158394909
wavelet-LLL	glszm	SmallAreaEmphasis	0.6685294619988601
wavelet-LLL	glszm	SmallAreaHighGrayLevelEmphasis	1063.448130628185
wavelet-LLL	glszm	SmallAreaLowGrayLevelEmphasis	0.0012474783792798844
wavelet-LLL	glszm	ZoneEntropy	7.887457768641408
wavelet-LLL	glszm	ZonePercentage	0.3679955171309638
wavelet-LLL	glszm	ZoneVariance	177.96224370349827
wavelet-LLL	ngtdm	Busyness	0.516207281446843
wavelet-LLL	ngtdm	Coarseness	0.0005088340621490034
wavelet-LLL	ngtdm	Complexity	7008.602383623531
wavelet-LLL	ngtdm	Contrast	0.13064546064840435
wavelet-LLL	ngtdm	Strength	1.3705620230363114
