Image type	Feature Class	Feature Name	ROI_18_segment_Mass
diagnostics	Versions	PyRadiomics	v3.0.1.post15+g2791e23
diagnostics	Versions	Numpy	1.23.4
diagnostics	Versions	SimpleITK	2.2.0rc2.dev368
diagnostics	Versions	PyWavelet	1.5.0
diagnostics	Versions	Python	3.9.10
diagnostics	Configuration	Settings	{'minimumROIDimensions': 2, 'minimumROISize': None, 'normalize': False, 'normalizeScale': 1, 'removeOutliers': None, 'resampledPixelSpacing': [1.0, 1.0, 1.0], 'interpolator': 'sitkBSpline', 'preCrop': False, 'padDistance': 5, 'distances': [1], 'force2D': False, 'force2Ddimension': 0, 'resegmentRange': None, 'label': 1, 'additionalInfo': True, 'binWidth': 25.0, 'symmetricalGLCM': True, 'correctMask': True}
diagnostics	Configuration	EnabledImageTypes	{'Original': {}, 'Wavelet': {}}
diagnostics	Image-original	Hash	3e85e890edbc5c63f22fd9c683b641853b4eb8f7
diagnostics	Image-original	Dimensionality	3D
diagnostics	Image-original	Spacing	(0.6445, 0.6445, 2.0)
diagnostics	Image-original	Size	(512, 512, 116)
diagnostics	Image-original	Mean	54.711830073389514
diagnostics	Image-original	Minimum	0.0
diagnostics	Image-original	Maximum	968.0
diagnostics	Mask-original	Hash	44ee31f61729dc8706fbab52271bc057fad97d03
diagnostics	Mask-original	Spacing	(0.6445, 0.6445, 2.0)
diagnostics	Mask-original	Size	(512, 512, 116)
diagnostics	Mask-original	BoundingBox	(328, 237, 68, 34, 35, 10)
diagnostics	Mask-original	VoxelNum	2534
diagnostics	Mask-original	VolumeNum	9
diagnostics	Mask-original	CenterOfMassIndex	(343.7446724546172, 251.34175217048144, 71.54222573007104)
diagnostics	Mask-original	CenterOfMass	(-60.07344139700075, 1.7122407261247474, 18.328451460142077)
diagnostics	Image-interpolated	Spacing	(1.0, 1.0, 1.0)
diagnostics	Image-interpolated	Size	(33, 34, 31)
diagnostics	Image-interpolated	Mean	148.35777126099705
diagnostics	Image-interpolated	Minimum	-5.0
diagnostics	Image-interpolated	Maximum	525.0
diagnostics	Mask-interpolated	Spacing	(1.0, 1.0, 1.0)
diagnostics	Mask-interpolated	Size	(33, 34, 31)
diagnostics	Mask-interpolated	BoundingBox	(5, 7, 6, 22, 21, 20)
diagnostics	Mask-interpolated	VoxelNum	2054
diagnostics	Mask-interpolated	VolumeNum	6
diagnostics	Mask-interpolated	CenterOfMassIndex	(15.427458617332036, 14.91139240506329, 13.60029211295034)
diagnostics	Mask-interpolated	CenterOfMass	(-60.13520861733198, 1.6128575949367345, 18.344292112950342)
diagnostics	Mask-interpolated	Mean	271.4216163583252
diagnostics	Mask-interpolated	Minimum	9.0
diagnostics	Mask-interpolated	Maximum	525.0
original	shape	Elongation	0.8514880760784657
original	shape	Flatness	0.6403482279983367
original	shape	LeastAxisLength	13.627085128717265
original	shape	MajorAxisLength	21.280741529205358
original	shape	Maximum2DDiameterColumn	22.825424421026653
original	shape	Maximum2DDiameterRow	24.08318915758459
original	shape	Maximum2DDiameterSlice	23.323807579381203
original	shape	Maximum3DDiameter	25.15949125081825
original	shape	MeshVolume	1993.5416666666667
original	shape	MinorAxisLength	18.120297662226175
original	shape	Sphericity	0.43312175454811563
original	shape	SurfaceArea	1768.578488136122
original	shape	SurfaceVolumeRatio	0.8871540122325619
original	shape	VoxelVolume	2054.0
original	firstorder	10Percentile	150.0
original	firstorder	90Percentile	385.0
original	firstorder	Energy	168356774.0
original	firstorder	Entropy	3.879711363810801
original	firstorder	InterquartileRange	134.0
original	firstorder	Kurtosis	2.5388097482162917
original	firstorder	Maximum	525.0
original	firstorder	MeanAbsoluteDeviation	75.44175897315802
original	firstorder	Mean	271.4216163583252
original	firstorder	Median	271.0
original	firstorder	Minimum	9.0
original	firstorder	Range	516.0
original	firstorder	RobustMeanAbsoluteDeviation	55.89487162534435
original	firstorder	RootMeanSquared	286.29586666884495
original	firstorder	Skewness	-0.21510300863740464
original	firstorder	TotalEnergy	168356774.0
original	firstorder	Uniformity	0.07675668347035115
original	firstorder	Variance	8295.62944509917
original	glcm	Autocorrelation	150.2654560035887
original	glcm	ClusterProminence	4081.754062504794
original	glcm	ClusterShade	-72.6484029670423
original	glcm	ClusterTendency	38.534680830286185
original	glcm	Contrast	11.14665586885599
original	glcm	Correlation	0.5501127010884538
original	glcm	DifferenceAverage	2.452640171084966
original	glcm	DifferenceEntropy	2.863889629283735
original	glcm	DifferenceVariance	4.9589305664353125
original	glcm	Id	0.4305097780749198
original	glcm	Idm	0.35483176142507056
original	glcm	Idmn	0.9789004272012881
original	glcm	Idn	0.9066654875108091
original	glcm	Imc1	-0.10947935377649592
original	glcm	Imc2	0.7283581198938011
original	glcm	InverseVariance	0.3422495686626605
original	glcm	JointAverage	11.975240942221998
original	glcm	JointEnergy	0.00934666510357472
original	glcm	JointEntropy	7.21654145980374
original	glcm	MCC	0.5676854379059889
original	glcm	MaximumProbability	0.022909529823790853
original	glcm	SumAverage	23.950481884443988
original	glcm	SumEntropy	4.631451940537982
original	glcm	SumSquares	12.420334174785545
original	gldm	DependenceEntropy	6.806207923578421
original	gldm	DependenceNonUniformity	271.47127555988317
original	gldm	DependenceNonUniformityNormalized	0.1321671253942956
original	gldm	DependenceVariance	6.0482673748422595
original	gldm	GrayLevelNonUniformity	157.65822784810126
original	gldm	GrayLevelVariance	13.40741365791592
original	gldm	HighGrayLevelEmphasis	142.86173320350537
original	gldm	LargeDependenceEmphasis	22.212268743914315
original	gldm	LargeDependenceHighGrayLevelEmphasis	3509.080817916261
original	gldm	LargeDependenceLowGrayLevelEmphasis	0.22891434619325485
original	gldm	LowGrayLevelEmphasis	0.016551938246814363
original	gldm	SmallDependenceEmphasis	0.22049039180796418
original	gldm	SmallDependenceHighGrayLevelEmphasis	26.003543120845155
original	gldm	SmallDependenceLowGrayLevelEmphasis	0.005017226351562113
original	glrlm	GrayLevelNonUniformity	137.09909794844555
original	glrlm	GrayLevelNonUniformityNormalized	0.07550583285984915
original	glrlm	GrayLevelVariance	13.687070728046823
original	glrlm	HighGrayLevelRunEmphasis	141.0859732872026
original	glrlm	LongRunEmphasis	1.4581255027210542
original	glrlm	LongRunHighGrayLevelEmphasis	212.5613936510051
original	glrlm	LongRunLowGrayLevelEmphasis	0.022415658247334744
original	glrlm	LowGrayLevelRunEmphasis	0.017223802003535668
original	glrlm	RunEntropy	4.453252179000862
original	glrlm	RunLengthNonUniformity	1454.254528874307
original	glrlm	RunLengthNonUniformityNormalized	0.7988152879135628
original	glrlm	RunPercentage	0.8838289266721594
original	glrlm	RunVariance	0.16974577571316882
original	glrlm	ShortRunEmphasis	0.9132039805539137
original	glrlm	ShortRunHighGrayLevelEmphasis	127.51888427648342
original	glrlm	ShortRunLowGrayLevelEmphasis	0.01620941815806247
original	glszm	GrayLevelNonUniformity	37.043564356435645
original	glszm	GrayLevelNonUniformityNormalized	0.07335359278502107
original	glszm	GrayLevelVariance	15.494190765611211
original	glszm	HighGrayLevelZoneEmphasis	113.24950495049505
original	glszm	LargeAreaEmphasis	151.98811881188118
original	glszm	LargeAreaHighGrayLevelEmphasis	26403.27128712871
original	glszm	LargeAreaLowGrayLevelEmphasis	1.1231182418186532
original	glszm	LowGrayLevelZoneEmphasis	0.02599650646008246
original	glszm	SizeZoneNonUniformity	174.23960396039604
original	glszm	SizeZoneNonUniformityNormalized	0.3450289187334575
original	glszm	SmallAreaEmphasis	0.6073544687008566
original	glszm	SmallAreaHighGrayLevelEmphasis	65.21655849048598
original	glszm	SmallAreaLowGrayLevelEmphasis	0.015028010328154259
original	glszm	ZoneEntropy	5.935051177826347
original	glszm	ZonePercentage	0.24586173320350535
original	glszm	ZoneVariance	135.4449720615626
original	ngtdm	Busyness	0.9148564491462283
original	ngtdm	Coarseness	0.004609126808406339
original	ngtdm	Complexity	281.5101353090888
original	ngtdm	Contrast	0.10384421679070246
original	ngtdm	Strength	0.6434274577732756
wavelet-LLH	firstorder	10Percentile	-55.074146179775724
wavelet-LLH	firstorder	90Percentile	28.671463024253587
wavelet-LLH	firstorder	Energy	2751026.8157598358
wavelet-LLH	firstorder	Entropy	2.5175402603017005
wavelet-LLH	firstorder	InterquartileRange	38.97432857828005
wavelet-LLH	firstorder	Kurtosis	3.9277335874463324
wavelet-LLH	firstorder	Maximum	122.84710542536736
wavelet-LLH	firstorder	MeanAbsoluteDeviation	26.28970263393151
wavelet-LLH	firstorder	Mean	-11.18677879131254
wavelet-LLH	firstorder	Median	-8.261861969342068
wavelet-LLH	firstorder	Minimum	-146.63271188290656
wavelet-LLH	firstorder	Range	269.47981730827394
wavelet-LLH	firstorder	RobustMeanAbsoluteDeviation	16.84051377392251
wavelet-LLH	firstorder	RootMeanSquared	36.59714377785644
wavelet-LLH	firstorder	Skewness	-0.3426133100394019
wavelet-LLH	firstorder	TotalEnergy	2751026.8157598358
wavelet-LLH	firstorder	Uniformity	0.21740750467655673
wavelet-LLH	firstorder	Variance	1214.2069129713361
wavelet-LLH	glcm	Autocorrelation	36.4852771197751
wavelet-LLH	glcm	ClusterProminence	137.86967924135286
wavelet-LLH	glcm	ClusterShade	-5.910468816724244
wavelet-LLH	glcm	ClusterTendency	6.086397707041123
wavelet-LLH	glcm	Contrast	2.4474600796323958
wavelet-LLH	glcm	Correlation	0.42770775612448253
wavelet-LLH	glcm	DifferenceAverage	1.0846291842101519
wavelet-LLH	glcm	DifferenceEntropy	1.9128215277383438
wavelet-LLH	glcm	DifferenceVariance	1.209500894055758
wavelet-LLH	glcm	Id	0.6138488861910052
wavelet-LLH	glcm	Idm	0.5789882079658935
wavelet-LLH	glcm	Idmn	0.9814948899422575
wavelet-LLH	glcm	Idn	0.9173735572915338
wavelet-LLH	glcm	Imc1	-0.11026774267950919
wavelet-LLH	glcm	Imc2	0.5951892428960949
wavelet-LLH	glcm	InverseVariance	0.4585634650617338
wavelet-LLH	glcm	JointAverage	5.9644813206214575
wavelet-LLH	glcm	JointEnergy	0.05718798916542788
wavelet-LLH	glcm	JointEntropy	4.841467134062747
wavelet-LLH	glcm	MCC	0.477877517174757
wavelet-LLH	glcm	MaximumProbability	0.1412855572113515
wavelet-LLH	glcm	SumAverage	11.928962641242917
wavelet-LLH	glcm	SumEntropy	3.2930229950448893
wavelet-LLH	glcm	SumSquares	2.13346444666838
wavelet-LLH	gldm	DependenceEntropy	6.22897807137644
wavelet-LLH	gldm	DependenceNonUniformity	157.08081791626094
wavelet-LLH	gldm	DependenceNonUniformityNormalized	0.07647556860577456
wavelet-LLH	gldm	DependenceVariance	15.700852067213475
wavelet-LLH	gldm	GrayLevelNonUniformity	446.5550146056475
wavelet-LLH	gldm	GrayLevelVariance	2.0150607407210765
wavelet-LLH	gldm	HighGrayLevelEmphasis	38.613437195715676
wavelet-LLH	gldm	LargeDependenceEmphasis	69.50243427458618
wavelet-LLH	gldm	LargeDependenceHighGrayLevelEmphasis	2620.090555014606
wavelet-LLH	gldm	LargeDependenceLowGrayLevelEmphasis	2.2277026279286165
wavelet-LLH	gldm	LowGrayLevelEmphasis	0.03656446702214621
wavelet-LLH	gldm	SmallDependenceEmphasis	0.06941126892206757
wavelet-LLH	gldm	SmallDependenceHighGrayLevelEmphasis	2.9841929189440948
wavelet-LLH	gldm	SmallDependenceLowGrayLevelEmphasis	0.002533567050991632
wavelet-LLH	glrlm	GrayLevelNonUniformity	315.6103892904778
wavelet-LLH	glrlm	GrayLevelNonUniformityNormalized	0.2031304717312286
wavelet-LLH	glrlm	GrayLevelVariance	2.2042481709018107
wavelet-LLH	glrlm	HighGrayLevelRunEmphasis	38.884519281687886
wavelet-LLH	glrlm	LongRunEmphasis	2.310257039891315
wavelet-LLH	glrlm	LongRunHighGrayLevelEmphasis	88.19744370345423
wavelet-LLH	glrlm	LongRunLowGrayLevelEmphasis	0.08095259489835757
wavelet-LLH	glrlm	LowGrayLevelRunEmphasis	0.03741218725595972
wavelet-LLH	glrlm	RunEntropy	3.608363615427853
wavelet-LLH	glrlm	RunLengthNonUniformity	977.1508804326411
wavelet-LLH	glrlm	RunLengthNonUniformityNormalized	0.622451734598264
wavelet-LLH	glrlm	RunPercentage	0.756347839113175
wavelet-LLH	glrlm	RunVariance	0.5192547710133322
wavelet-LLH	glrlm	ShortRunEmphasis	0.8144102263318944
wavelet-LLH	glrlm	ShortRunHighGrayLevelEmphasis	31.84420764960834
wavelet-LLH	glrlm	ShortRunLowGrayLevelEmphasis	0.03089515428121559
wavelet-LLH	glszm	GrayLevelNonUniformity	17.54263565891473
wavelet-LLH	glszm	GrayLevelNonUniformityNormalized	0.13598942371251727
wavelet-LLH	glszm	GrayLevelVariance	4.355988221861666
wavelet-LLH	glszm	HighGrayLevelZoneEmphasis	45.95348837209303
wavelet-LLH	glszm	LargeAreaEmphasis	4751.240310077519
wavelet-LLH	glszm	LargeAreaHighGrayLevelEmphasis	176871.67441860464
wavelet-LLH	glszm	LargeAreaLowGrayLevelEmphasis	134.26412736045592
wavelet-LLH	glszm	LowGrayLevelZoneEmphasis	0.04438991121264435
wavelet-LLH	glszm	SizeZoneNonUniformity	29.155038759689923
wavelet-LLH	glszm	SizeZoneNonUniformityNormalized	0.22600805240069707
wavelet-LLH	glszm	SmallAreaEmphasis	0.48491058870470466
wavelet-LLH	glszm	SmallAreaHighGrayLevelEmphasis	23.147124195939945
wavelet-LLH	glszm	SmallAreaLowGrayLevelEmphasis	0.015539004767921239
wavelet-LLH	glszm	ZoneEntropy	5.282178409023797
wavelet-LLH	glszm	ZonePercentage	0.06280428432327166
wavelet-LLH	glszm	ZoneVariance	4497.7149209783065
wavelet-LLH	ngtdm	Busyness	2.888215097663347
wavelet-LLH	ngtdm	Coarseness	0.004155753991592074
wavelet-LLH	ngtdm	Complexity	36.66360361348995
wavelet-LLH	ngtdm	Contrast	0.026961454702845295
wavelet-LLH	ngtdm	Strength	0.17491194596306697
wavelet-LHL	firstorder	10Percentile	-104.39836732803896
wavelet-LHL	firstorder	90Percentile	67.31587634935642
wavelet-LHL	firstorder	Energy	11190114.485755086
wavelet-LHL	firstorder	Entropy	3.5320001942618906
wavelet-LHL	firstorder	InterquartileRange	84.76939737899446
wavelet-LHL	firstorder	Kurtosis	4.73501357719443
wavelet-LHL	firstorder	Maximum	243.7128440569519
wavelet-LHL	firstorder	MeanAbsoluteDeviation	54.167400681088274
wavelet-LHL	firstorder	Mean	-15.61200421079817
wavelet-LHL	firstorder	Median	-10.870035333571327
wavelet-LHL	firstorder	Minimum	-411.1350511197786
wavelet-LHL	firstorder	Range	654.8478951767305
wavelet-LHL	firstorder	RobustMeanAbsoluteDeviation	35.03328021002543
wavelet-LHL	firstorder	RootMeanSquared	73.81031270634685
wavelet-LHL	firstorder	Skewness	-0.36246265907870034
wavelet-LHL	firstorder	TotalEnergy	11190114.485755086
wavelet-LHL	firstorder	Uniformity	0.10843259263754008
wavelet-LHL	firstorder	Variance	5204.227586330727
wavelet-LHL	glcm	Autocorrelation	284.67738435457306
wavelet-LHL	glcm	ClusterProminence	1761.5098130639365
wavelet-LHL	glcm	ClusterShade	-32.80173772046799
wavelet-LHL	glcm	ClusterTendency	19.049500182809435
wavelet-LHL	glcm	Contrast	13.721005022005336
wavelet-LHL	glcm	Correlation	0.15579742361415075
wavelet-LHL	glcm	DifferenceAverage	2.654179441949092
wavelet-LHL	glcm	DifferenceEntropy	2.908627322799669
wavelet-LHL	glcm	DifferenceVariance	6.188792079331659
wavelet-LHL	glcm	Id	0.41519748625265696
wavelet-LHL	glcm	Idm	0.3373653898081457
wavelet-LHL	glcm	Idmn	0.9829473177840343
wavelet-LHL	glcm	Idn	0.9165149506629885
wavelet-LHL	glcm	Imc1	-0.0849304974782105
wavelet-LHL	glcm	Imc2	0.6035149633139972
wavelet-LHL	glcm	InverseVariance	0.33348712968220107
wavelet-LHL	glcm	JointAverage	16.832803108157854
wavelet-LHL	glcm	JointEnergy	0.01501572316450919
wavelet-LHL	glcm	JointEntropy	6.7144491818339995
wavelet-LHL	glcm	MCC	0.4581106422433543
wavelet-LHL	glcm	MaximumProbability	0.039567934684926996
wavelet-LHL	glcm	SumAverage	33.665606216315716
wavelet-LHL	glcm	SumEntropy	4.080102294264541
wavelet-LHL	glcm	SumSquares	8.192626301203697
wavelet-LHL	gldm	DependenceEntropy	6.289452052434391
wavelet-LHL	gldm	DependenceNonUniformity	294.4790652385589
wavelet-LHL	gldm	DependenceNonUniformityNormalized	0.14336858093405985
wavelet-LHL	gldm	DependenceVariance	5.456383582891909
wavelet-LHL	gldm	GrayLevelNonUniformity	222.7205452775073
wavelet-LHL	gldm	GrayLevelVariance	8.41229002900271
wavelet-LHL	gldm	HighGrayLevelEmphasis	293.17380720545276
wavelet-LHL	gldm	LargeDependenceEmphasis	19.75170399221032
wavelet-LHL	gldm	LargeDependenceHighGrayLevelEmphasis	5817.423076923077
wavelet-LHL	gldm	LargeDependenceLowGrayLevelEmphasis	0.07125838721658583
wavelet-LHL	gldm	LowGrayLevelEmphasis	0.00454251211139701
wavelet-LHL	gldm	SmallDependenceEmphasis	0.2339537310116607
wavelet-LHL	gldm	SmallDependenceHighGrayLevelEmphasis	69.97710447412963
wavelet-LHL	gldm	SmallDependenceLowGrayLevelEmphasis	0.001628392543569255
wavelet-LHL	glrlm	GrayLevelNonUniformity	190.58876399213992
wavelet-LHL	glrlm	GrayLevelNonUniformityNormalized	0.1039018044898339
wavelet-LHL	glrlm	GrayLevelVariance	8.926364145051327
wavelet-LHL	glrlm	HighGrayLevelRunEmphasis	293.20240032054505
wavelet-LHL	glrlm	LongRunEmphasis	1.4292562917267446
wavelet-LHL	glrlm	LongRunHighGrayLevelEmphasis	419.05264088212203
wavelet-LHL	glrlm	LongRunLowGrayLevelEmphasis	0.006214482190611478
wavelet-LHL	glrlm	LowGrayLevelRunEmphasis	0.004652822573954275
wavelet-LHL	glrlm	RunEntropy	4.086808245381849
wavelet-LHL	glrlm	RunLengthNonUniformity	1503.9814007069212
wavelet-LHL	glrlm	RunLengthNonUniformityNormalized	0.8158244397081099
wavelet-LHL	glrlm	RunPercentage	0.893041719721369
wavelet-LHL	glrlm	RunVariance	0.15998923969831996
wavelet-LHL	glrlm	ShortRunEmphasis	0.9204189842140487
wavelet-LHL	glrlm	ShortRunHighGrayLevelEmphasis	269.91066779177584
wavelet-LHL	glrlm	ShortRunLowGrayLevelEmphasis	0.004360619048426282
wavelet-LHL	glszm	GrayLevelNonUniformity	39.07421150278293
wavelet-LHL	glszm	GrayLevelNonUniformityNormalized	0.0724938988919906
wavelet-LHL	glszm	GrayLevelVariance	16.363512448325594
wavelet-LHL	glszm	HighGrayLevelZoneEmphasis	298.8404452690167
wavelet-LHL	glszm	LargeAreaEmphasis	187.37291280148423
wavelet-LHL	glszm	LargeAreaHighGrayLevelEmphasis	53415.34508348794
wavelet-LHL	glszm	LargeAreaLowGrayLevelEmphasis	0.6730512114901592
wavelet-LHL	glszm	LowGrayLevelZoneEmphasis	0.006743346113081359
wavelet-LHL	glszm	SizeZoneNonUniformity	186.01298701298703
wavelet-LHL	glszm	SizeZoneNonUniformityNormalized	0.3451075825843915
wavelet-LHL	glszm	SmallAreaEmphasis	0.6077687192152545
wavelet-LHL	glszm	SmallAreaHighGrayLevelEmphasis	184.94431793049145
wavelet-LHL	glszm	SmallAreaLowGrayLevelEmphasis	0.005063193278321943
wavelet-LHL	glszm	ZoneEntropy	5.998542951474513
wavelet-LHL	glszm	ZonePercentage	0.26241480038948395
wavelet-LHL	glszm	ZoneVariance	172.8510159334437
wavelet-LHL	ngtdm	Busyness	0.5019017219814266
wavelet-LHL	ngtdm	Coarseness	0.003346997962016925
wavelet-LHL	ngtdm	Complexity	589.9859141426077
wavelet-LHL	ngtdm	Contrast	0.05039933699140536
wavelet-LHL	ngtdm	Strength	0.943822700787772
wavelet-LHH	firstorder	10Percentile	-15.02273180624706
wavelet-LHH	firstorder	90Percentile	16.898055691954198
wavelet-LHH	firstorder	Energy	366250.0851839215
wavelet-LHH	firstorder	Entropy	1.3727053508917773
wavelet-LHH	firstorder	InterquartileRange	15.904681746676225
wavelet-LHH	firstorder	Kurtosis	4.359598768113141
wavelet-LHH	firstorder	Maximum	70.11604576955443
wavelet-LHH	firstorder	MeanAbsoluteDeviation	10.090998954399385
wavelet-LHH	firstorder	Mean	0.844325745264356
wavelet-LHH	firstorder	Median	0.5807952394437121
wavelet-LHH	firstorder	Minimum	-50.60443941344616
wavelet-LHH	firstorder	Range	120.72048518300059
wavelet-LHH	firstorder	RobustMeanAbsoluteDeviation	6.59851633051126
wavelet-LHH	firstorder	RootMeanSquared	13.353301273820147
wavelet-LHH	firstorder	Skewness	0.18382742025127852
wavelet-LHH	firstorder	TotalEnergy	366250.0851839215
wavelet-LHH	firstorder	Uniformity	0.43743700988595174
wavelet-LHH	firstorder	Variance	177.5977689452906
wavelet-LHH	glcm	Autocorrelation	12.505864206361434
wavelet-LHH	glcm	ClusterProminence	2.2454061868251824
wavelet-LHH	glcm	ClusterShade	0.08271559124004191
wavelet-LHH	glcm	ClusterTendency	0.8075250752157053
wavelet-LHH	glcm	Contrast	0.7506717284898508
wavelet-LHH	glcm	Correlation	0.03562073638990808
wavelet-LHH	glcm	DifferenceAverage	0.6064803931750278
wavelet-LHH	glcm	DifferenceEntropy	1.276545221414061
wavelet-LHH	glcm	DifferenceVariance	0.37534221377513044
wavelet-LHH	glcm	Id	0.7190209798427797
wavelet-LHH	glcm	Idm	0.7110979948695113
wavelet-LHH	glcm	Idmn	0.9804394198010347
wavelet-LHH	glcm	Idn	0.9158476221323918
wavelet-LHH	glcm	Imc1	-0.026399236934067333
wavelet-LHH	glcm	Imc2	0.2274026180975624
wavelet-LHH	glcm	InverseVariance	0.4964691866099648
wavelet-LHH	glcm	JointAverage	3.534343119868872
wavelet-LHH	glcm	JointEnergy	0.19929792914630207
wavelet-LHH	glcm	JointEntropy	2.6866280543264605
wavelet-LHH	glcm	MCC	0.18448153455491403
wavelet-LHH	glcm	MaximumProbability	0.24955724870554852
wavelet-LHH	glcm	SumAverage	7.068686239737744
wavelet-LHH	glcm	SumEntropy	1.8651381404972298
wavelet-LHH	glcm	SumSquares	0.389549200926389
wavelet-LHH	gldm	DependenceEntropy	5.300498377243771
wavelet-LHH	gldm	DependenceNonUniformity	129.06523855890944
wavelet-LHH	gldm	DependenceNonUniformityNormalized	0.06283604603647003
wavelet-LHH	gldm	DependenceVariance	18.787089385045828
wavelet-LHH	gldm	GrayLevelNonUniformity	898.4956183057449
wavelet-LHH	gldm	GrayLevelVariance	0.3970631318566191
wavelet-LHH	gldm	HighGrayLevelEmphasis	12.862706913339824
wavelet-LHH	gldm	LargeDependenceEmphasis	111.59883154819863
wavelet-LHH	gldm	LargeDependenceHighGrayLevelEmphasis	1419.0886075949368
wavelet-LHH	gldm	LargeDependenceLowGrayLevelEmphasis	9.578028778535106
wavelet-LHH	gldm	LowGrayLevelEmphasis	0.08962106458941901
wavelet-LHH	gldm	SmallDependenceEmphasis	0.048200602582330845
wavelet-LHH	gldm	SmallDependenceHighGrayLevelEmphasis	0.6729071670743898
wavelet-LHH	gldm	SmallDependenceLowGrayLevelEmphasis	0.00615264841325243
wavelet-LHH	glrlm	GrayLevelNonUniformity	570.5631004940552
wavelet-LHH	glrlm	GrayLevelNonUniformityNormalized	0.4156763344337372
wavelet-LHH	glrlm	GrayLevelVariance	0.45483190678253477
wavelet-LHH	glrlm	HighGrayLevelRunEmphasis	12.929410561850071
wavelet-LHH	glrlm	LongRunEmphasis	3.103207391279273
wavelet-LHH	glrlm	LongRunHighGrayLevelEmphasis	39.60590515357395
wavelet-LHH	glrlm	LongRunLowGrayLevelEmphasis	0.2731024430815929
wavelet-LHH	glrlm	LowGrayLevelRunEmphasis	0.09131277525074587
wavelet-LHH	glrlm	RunEntropy	2.7999095104317866
wavelet-LHH	glrlm	RunLengthNonUniformity	709.3320519524402
wavelet-LHH	glrlm	RunLengthNonUniformityNormalized	0.5089581184907366
wavelet-LHH	glrlm	RunPercentage	0.6679274960677103
wavelet-LHH	glrlm	RunVariance	0.7739325219692889
wavelet-LHH	glrlm	ShortRunEmphasis	0.73135245563377
wavelet-LHH	glrlm	ShortRunHighGrayLevelEmphasis	9.500646186614837
wavelet-LHH	glrlm	ShortRunLowGrayLevelEmphasis	0.06806988634524634
wavelet-LHH	glszm	GrayLevelNonUniformity	20.88095238095238
wavelet-LHH	glszm	GrayLevelNonUniformityNormalized	0.2485827664399093
wavelet-LHH	glszm	GrayLevelVariance	1.9335317460317456
wavelet-LHH	glszm	HighGrayLevelZoneEmphasis	14.773809523809524
wavelet-LHH	glszm	LargeAreaEmphasis	20638.428571428572
wavelet-LHH	glszm	LargeAreaHighGrayLevelEmphasis	260926.88095238095
wavelet-LHH	glszm	LargeAreaLowGrayLevelEmphasis	1771.7776917989415
wavelet-LHH	glszm	LowGrayLevelZoneEmphasis	0.1401521164021164
wavelet-LHH	glszm	SizeZoneNonUniformity	32.0
wavelet-LHH	glszm	SizeZoneNonUniformityNormalized	0.38095238095238093
wavelet-LHH	glszm	SmallAreaEmphasis	0.6310615229668581
wavelet-LHH	glszm	SmallAreaHighGrayLevelEmphasis	9.107812239164309
wavelet-LHH	glszm	SmallAreaLowGrayLevelEmphasis	0.09996810628705036
wavelet-LHH	glszm	ZoneEntropy	3.8628214475995257
wavelet-LHH	glszm	ZonePercentage	0.04089581304771178
wavelet-LHH	glszm	ZoneVariance	20040.509637188206
wavelet-LHH	ngtdm	Busyness	16.12993091727272
wavelet-LHH	ngtdm	Coarseness	0.002256537159116048
wavelet-LHH	ngtdm	Complexity	8.79896889179726
wavelet-LHH	ngtdm	Contrast	0.014707212865253278
wavelet-LHH	ngtdm	Strength	0.03485451986227498
wavelet-HLL	firstorder	10Percentile	-81.14871054783644
wavelet-HLL	firstorder	90Percentile	73.98644099153051
wavelet-HLL	firstorder	Energy	9963163.54661733
wavelet-HLL	firstorder	Entropy	3.4476964719615655
wavelet-HLL	firstorder	InterquartileRange	75.30311270338521
wavelet-HLL	firstorder	Kurtosis	5.324416209407467
wavelet-HLL	firstorder	Maximum	283.72158354337273
wavelet-HLL	firstorder	MeanAbsoluteDeviation	50.532059490376845
wavelet-HLL	firstorder	Mean	-3.754772909462823
wavelet-HLL	firstorder	Median	-3.6427647646286
wavelet-HLL	firstorder	Minimum	-363.679961295178
wavelet-HLL	firstorder	Range	647.4015448385508
wavelet-HLL	firstorder	RobustMeanAbsoluteDeviation	31.38459806100899
wavelet-HLL	firstorder	RootMeanSquared	69.64635786517341
wavelet-HLL	firstorder	Skewness	-0.20995605851946053
wavelet-HLL	firstorder	TotalEnergy	9963163.54661733
wavelet-HLL	firstorder	Uniformity	0.11841098519145676
wavelet-HLL	firstorder	Variance	4836.516844282166
wavelet-HLL	glcm	Autocorrelation	235.0505154312453
wavelet-HLL	glcm	ClusterProminence	1521.6180277448107
wavelet-HLL	glcm	ClusterShade	-2.425083857919113
wavelet-HLL	glcm	ClusterTendency	17.11745099922258
wavelet-HLL	glcm	Contrast	11.456567719083198
wavelet-HLL	glcm	Correlation	0.19244199317636917
wavelet-HLL	glcm	DifferenceAverage	2.4021840970198727
wavelet-HLL	glcm	DifferenceEntropy	2.795523820138155
wavelet-HLL	glcm	DifferenceVariance	5.286645387471669
wavelet-HLL	glcm	Id	0.43816297574393714
wavelet-HLL	glcm	Idm	0.3650470882505233
wavelet-HLL	glcm	Idmn	0.9854959681991329
wavelet-HLL	glcm	Idn	0.9236299837051347
wavelet-HLL	glcm	Imc1	-0.08382859840647947
wavelet-HLL	glcm	Imc2	0.5859588686347557
wavelet-HLL	glcm	InverseVariance	0.3583014834306744
wavelet-HLL	glcm	JointAverage	15.285095728896978
wavelet-HLL	glcm	JointEnergy	0.017997414731296974
wavelet-HLL	glcm	JointEntropy	6.51098664612454
wavelet-HLL	glcm	MCC	0.44339662263887325
wavelet-HLL	glcm	MaximumProbability	0.04420081964215482
wavelet-HLL	glcm	SumAverage	30.57019145779395
wavelet-HLL	glcm	SumEntropy	4.001619493589408
wavelet-HLL	glcm	SumSquares	7.143504679576446
wavelet-HLL	gldm	DependenceEntropy	6.333393964982774
wavelet-HLL	gldm	DependenceNonUniformity	268.8062317429406
wavelet-HLL	gldm	DependenceNonUniformityNormalized	0.13086963570737128
wavelet-HLL	gldm	DependenceVariance	6.2097884859523145
wavelet-HLL	gldm	GrayLevelNonUniformity	243.21616358325218
wavelet-HLL	gldm	GrayLevelVariance	7.828293571144816
wavelet-HLL	gldm	HighGrayLevelEmphasis	243.452288218111
wavelet-HLL	gldm	LargeDependenceEmphasis	22.85491723466407
wavelet-HLL	gldm	LargeDependenceHighGrayLevelEmphasis	5438.7307692307695
wavelet-HLL	gldm	LargeDependenceLowGrayLevelEmphasis	0.10542057667707325
wavelet-HLL	gldm	LowGrayLevelEmphasis	0.005826885257798888
wavelet-HLL	gldm	SmallDependenceEmphasis	0.21301307257574578
wavelet-HLL	gldm	SmallDependenceHighGrayLevelEmphasis	53.76099486862958
wavelet-HLL	gldm	SmallDependenceLowGrayLevelEmphasis	0.0014489734357114375
wavelet-HLL	glrlm	GrayLevelNonUniformity	205.0886063212453
wavelet-HLL	glrlm	GrayLevelNonUniformityNormalized	0.11324277158478124
wavelet-HLL	glrlm	GrayLevelVariance	8.398685816340539
wavelet-HLL	glrlm	HighGrayLevelRunEmphasis	243.99576749728425
wavelet-HLL	glrlm	LongRunEmphasis	1.4841495961051372
wavelet-HLL	glrlm	LongRunHighGrayLevelEmphasis	359.7905534669495
wavelet-HLL	glrlm	LongRunLowGrayLevelEmphasis	0.00828949660831589
wavelet-HLL	glrlm	LowGrayLevelRunEmphasis	0.005962581503972644
wavelet-HLL	glrlm	RunEntropy	4.056628267877612
wavelet-HLL	glrlm	RunLengthNonUniformity	1451.6739408379751
wavelet-HLL	glrlm	RunLengthNonUniformityNormalized	0.7971818940561344
wavelet-HLL	glrlm	RunPercentage	0.8815444535989813
wavelet-HLL	glrlm	RunVariance	0.18049239704575043
wavelet-HLL	glrlm	ShortRunEmphasis	0.9112537656035973
wavelet-HLL	glrlm	ShortRunHighGrayLevelEmphasis	222.68852589364556
wavelet-HLL	glrlm	ShortRunLowGrayLevelEmphasis	0.005527155432313834
wavelet-HLL	glszm	GrayLevelNonUniformity	35.314516129032256
wavelet-HLL	glszm	GrayLevelNonUniformityNormalized	0.07119862122788762
wavelet-HLL	glszm	GrayLevelVariance	17.02418948361082
wavelet-HLL	glszm	HighGrayLevelZoneEmphasis	253.35282258064515
wavelet-HLL	glszm	LargeAreaEmphasis	252.11290322580646
wavelet-HLL	glszm	LargeAreaHighGrayLevelEmphasis	58627.030241935485
wavelet-HLL	glszm	LargeAreaLowGrayLevelEmphasis	1.116187351666986
wavelet-HLL	glszm	LowGrayLevelZoneEmphasis	0.0076974842257247385
wavelet-HLL	glszm	SizeZoneNonUniformity	162.4758064516129
wavelet-HLL	glszm	SizeZoneNonUniformityNormalized	0.32757219042663893
wavelet-HLL	glszm	SmallAreaEmphasis	0.5909630832591793
wavelet-HLL	glszm	SmallAreaHighGrayLevelEmphasis	152.70077310302602
wavelet-HLL	glszm	SmallAreaLowGrayLevelEmphasis	0.004059848552313918
wavelet-HLL	glszm	ZoneEntropy	6.056724525677383
wavelet-HLL	glszm	ZonePercentage	0.24148003894839337
wavelet-HLL	glszm	ZoneVariance	234.96395356399586
wavelet-HLL	ngtdm	Busyness	0.5564752818025911
wavelet-HLL	ngtdm	Coarseness	0.0034358087822761963
wavelet-HLL	ngtdm	Complexity	473.172909411883
wavelet-HLL	ngtdm	Contrast	0.046288833388223566
wavelet-HLL	ngtdm	Strength	0.8519982510910071
wavelet-HLH	firstorder	10Percentile	-16.49554134354186
wavelet-HLH	firstorder	90Percentile	16.854093206109745
wavelet-HLH	firstorder	Energy	428222.47725124547
wavelet-HLH	firstorder	Entropy	1.456904901566755
wavelet-HLH	firstorder	InterquartileRange	16.335375982369285
wavelet-HLH	firstorder	Kurtosis	4.908408712137833
wavelet-HLH	firstorder	Maximum	57.88063564983401
wavelet-HLH	firstorder	MeanAbsoluteDeviation	10.662624348864595
wavelet-HLH	firstorder	Mean	-0.2845307066339859
wavelet-HLH	firstorder	Median	-0.08366524328517283
wavelet-HLH	firstorder	Minimum	-67.10564312590958
wavelet-HLH	firstorder	Range	124.98627877574359
wavelet-HLH	firstorder	RobustMeanAbsoluteDeviation	6.78223455137711
wavelet-HLH	firstorder	RootMeanSquared	14.438913349701146
wavelet-HLH	firstorder	Skewness	-0.20508522287357675
wavelet-HLH	firstorder	TotalEnergy	428222.47725124547
wavelet-HLH	firstorder	Uniformity	0.42072466007856046
wavelet-HLH	firstorder	Variance	208.40126099716028
wavelet-HLH	glcm	Autocorrelation	12.246511800707175
wavelet-HLH	glcm	ClusterProminence	3.3632549665307034
wavelet-HLH	glcm	ClusterShade	-0.11127708154747472
wavelet-HLH	glcm	ClusterTendency	0.9323145653617781
wavelet-HLH	glcm	Contrast	0.8611441310618346
wavelet-HLH	glcm	Correlation	0.03478738241093955
wavelet-HLH	glcm	DifferenceAverage	0.6450847138376573
wavelet-HLH	glcm	DifferenceEntropy	1.3577062016843582
wavelet-HLH	glcm	DifferenceVariance	0.43372722512016776
wavelet-HLH	glcm	Id	0.7101847978403639
wavelet-HLH	glcm	Idm	0.698968661702917
wavelet-HLH	glcm	Idmn	0.9778610033735013
wavelet-HLH	glcm	Idn	0.9115436036488463
wavelet-HLH	glcm	Imc1	-0.035591756568117035
wavelet-HLH	glcm	Imc2	0.25614438538271
wavelet-HLH	glcm	InverseVariance	0.48637094084454086
wavelet-HLH	glcm	JointAverage	3.4969472107750073
wavelet-HLH	glcm	JointEnergy	0.1846226749556046
wavelet-HLH	glcm	JointEntropy	2.8616176714870436
wavelet-HLH	glcm	MCC	0.21177677472130585
wavelet-HLH	glcm	MaximumProbability	0.23595937174225812
wavelet-HLH	glcm	SumAverage	6.9938944215500145
wavelet-HLH	glcm	SumEntropy	1.9571344005470932
wavelet-HLH	glcm	SumSquares	0.44836467410590325
wavelet-HLH	gldm	DependenceEntropy	5.297791651600558
wavelet-HLH	gldm	DependenceNonUniformity	132.96884128529697
wavelet-HLH	gldm	DependenceNonUniformityNormalized	0.06473653421874244
wavelet-HLH	gldm	DependenceVariance	18.134844116355954
wavelet-HLH	gldm	GrayLevelNonUniformity	864.1684518013632
wavelet-HLH	gldm	GrayLevelVariance	0.4494246863412308
wavelet-HLH	gldm	HighGrayLevelEmphasis	12.604186952288218
wavelet-HLH	gldm	LargeDependenceEmphasis	108.07984420642649
wavelet-HLH	gldm	LargeDependenceHighGrayLevelEmphasis	1370.1592015579358
wavelet-HLH	gldm	LargeDependenceLowGrayLevelEmphasis	9.375466298820728
wavelet-HLH	gldm	LowGrayLevelEmphasis	0.09617169750081142
wavelet-HLH	gldm	SmallDependenceEmphasis	0.04864948828657165
wavelet-HLH	gldm	SmallDependenceHighGrayLevelEmphasis	0.6808591331294951
wavelet-HLH	gldm	SmallDependenceLowGrayLevelEmphasis	0.006317113905235106
wavelet-HLH	glrlm	GrayLevelNonUniformity	547.567581123055
wavelet-HLH	glrlm	GrayLevelNonUniformityNormalized	0.3956313249049365
wavelet-HLH	glrlm	GrayLevelVariance	0.5222106595346102
wavelet-HLH	glrlm	HighGrayLevelRunEmphasis	12.614769063360562
wavelet-HLH	glrlm	LongRunEmphasis	3.071637522770938
wavelet-HLH	glrlm	LongRunHighGrayLevelEmphasis	38.71200300278268
wavelet-HLH	glrlm	LongRunLowGrayLevelEmphasis	0.28367079516908045
wavelet-HLH	glrlm	LowGrayLevelRunEmphasis	0.09969217094150896
wavelet-HLH	glrlm	RunEntropy	2.868243011301331
wavelet-HLH	glrlm	RunLengthNonUniformity	726.2173493093779
wavelet-HLH	glrlm	RunLengthNonUniformityNormalized	0.5151646655353702
wavelet-HLH	glrlm	RunPercentage	0.6736948543180288
wavelet-HLH	glrlm	RunVariance	0.7600772639389611
wavelet-HLH	glrlm	ShortRunEmphasis	0.7364362791930886
wavelet-HLH	glrlm	ShortRunHighGrayLevelEmphasis	9.304286525125901
wavelet-HLH	glrlm	ShortRunLowGrayLevelEmphasis	0.07597516312157877
wavelet-HLH	glszm	GrayLevelNonUniformity	20.057471264367816
wavelet-HLH	glszm	GrayLevelNonUniformityNormalized	0.23054564671687144
wavelet-HLH	glszm	GrayLevelVariance	1.8813581714889682
wavelet-HLH	glszm	HighGrayLevelZoneEmphasis	14.333333333333334
wavelet-HLH	glszm	LargeAreaEmphasis	19303.793103448275
wavelet-HLH	glszm	LargeAreaHighGrayLevelEmphasis	240845.02298850575
wavelet-HLH	glszm	LargeAreaLowGrayLevelEmphasis	1680.4789974457215
wavelet-HLH	glszm	LowGrayLevelZoneEmphasis	0.14828863346104723
wavelet-HLH	glszm	SizeZoneNonUniformity	28.17241379310345
wavelet-HLH	glszm	SizeZoneNonUniformityNormalized	0.32382084819659135
wavelet-HLH	glszm	SmallAreaEmphasis	0.584812970669054
wavelet-HLH	glszm	SmallAreaHighGrayLevelEmphasis	8.712028563619784
wavelet-HLH	glszm	SmallAreaLowGrayLevelEmphasis	0.08492298329584629
wavelet-HLH	glszm	ZoneEntropy	4.195849105921032
wavelet-HLH	glszm	ZonePercentage	0.04235637779941578
wavelet-HLH	glszm	ZoneVariance	18746.398995904347
wavelet-HLH	ngtdm	Busyness	16.15166352214182
wavelet-HLH	ngtdm	Coarseness	0.002330222514486642
wavelet-HLH	ngtdm	Complexity	8.876775220897029
wavelet-HLH	ngtdm	Contrast	0.017197738719009495
wavelet-HLH	ngtdm	Strength	0.03426296941349821
wavelet-HHL	firstorder	10Percentile	-47.408056789546706
wavelet-HHL	firstorder	90Percentile	45.74398985808372
wavelet-HHL	firstorder	Energy	3007744.059438336
wavelet-HHL	firstorder	Entropy	2.656897463766517
wavelet-HHL	firstorder	InterquartileRange	47.304925045960985
wavelet-HHL	firstorder	Kurtosis	4.347670129475647
wavelet-HHL	firstorder	Maximum	185.3355577705741
wavelet-HHL	firstorder	MeanAbsoluteDeviation	29.448104380530722
wavelet-HHL	firstorder	Mean	0.003891132321587475
wavelet-HHL	firstorder	Median	-0.6330874679383643
wavelet-HHL	firstorder	Minimum	-169.36741823918632
wavelet-HHL	firstorder	Range	354.7029760097604
wavelet-HHL	firstorder	RobustMeanAbsoluteDeviation	19.789972390649886
wavelet-HHL	firstorder	RootMeanSquared	38.266630177230184
wavelet-HHL	firstorder	Skewness	0.216412002243896
wavelet-HHL	firstorder	TotalEnergy	3007744.059438336
wavelet-HHL	firstorder	Uniformity	0.19220766661388847
wavelet-HHL	firstorder	Variance	1464.334969979993
wavelet-HHL	glcm	Autocorrelation	56.19948205342368
wavelet-HHL	glcm	ClusterProminence	102.39853485695193
wavelet-HHL	glcm	ClusterShade	1.760298345021879
wavelet-HHL	glcm	ClusterTendency	4.6876248987626745
wavelet-HHL	glcm	Contrast	4.8479842031598706
wavelet-HHL	glcm	Correlation	-0.017845807046445155
wavelet-HHL	glcm	DifferenceAverage	1.6324520670861338
wavelet-HHL	glcm	DifferenceEntropy	2.3166910443289663
wavelet-HHL	glcm	DifferenceVariance	2.082304813984626
wavelet-HHL	glcm	Id	0.5083948219929251
wavelet-HHL	glcm	Idm	0.4481503472062557
wavelet-HHL	glcm	Idmn	0.9801775636057903
wavelet-HHL	glcm	Idn	0.9083148353014603
wavelet-HHL	glcm	Imc1	-0.05398000995428804
wavelet-HHL	glcm	Imc2	0.4391953745214569
wavelet-HHL	glcm	InverseVariance	0.41953160418701246
wavelet-HHL	glcm	JointAverage	7.499286400460644
wavelet-HHL	glcm	JointEnergy	0.041381715379565295
wavelet-HHL	glcm	JointEntropy	5.158711112442462
wavelet-HHL	glcm	MCC	0.34159136188816414
wavelet-HHL	glcm	MaximumProbability	0.08261644115085819
wavelet-HHL	glcm	SumAverage	14.998572800921288
wavelet-HHL	glcm	SumEntropy	3.100763952378295
wavelet-HHL	glcm	SumSquares	2.3839022754806356
wavelet-HHL	gldm	DependenceEntropy	5.6794809234581844
wavelet-HHL	gldm	DependenceNonUniformity	219.11587147030184
wavelet-HHL	gldm	DependenceNonUniformityNormalized	0.1066776394694751
wavelet-HHL	gldm	DependenceVariance	8.11414685668072
wavelet-HHL	gldm	GrayLevelNonUniformity	394.794547224927
wavelet-HHL	gldm	GrayLevelVariance	2.4057250725067765
wavelet-HHL	gldm	HighGrayLevelEmphasis	58.77994157740993
wavelet-HHL	gldm	LargeDependenceEmphasis	33.800389483933785
wavelet-HHL	gldm	LargeDependenceHighGrayLevelEmphasis	1938.157740993184
wavelet-HHL	gldm	LargeDependenceLowGrayLevelEmphasis	0.6345342950461725
wavelet-HHL	gldm	LowGrayLevelEmphasis	0.021497601417186252
wavelet-HHL	gldm	SmallDependenceEmphasis	0.1372771950055175
wavelet-HHL	gldm	SmallDependenceHighGrayLevelEmphasis	8.729297072932882
wavelet-HHL	gldm	SmallDependenceLowGrayLevelEmphasis	0.003457109547153312
wavelet-HHL	glrlm	GrayLevelNonUniformity	313.67651794617547
wavelet-HHL	glrlm	GrayLevelNonUniformityNormalized	0.1810717339825468
wavelet-HHL	glrlm	GrayLevelVariance	2.629704837261201
wavelet-HHL	glrlm	HighGrayLevelRunEmphasis	59.035750204470865
wavelet-HHL	glrlm	LongRunEmphasis	1.6964841788202578
wavelet-HHL	glrlm	LongRunHighGrayLevelEmphasis	98.94180026849716
wavelet-HHL	glrlm	LongRunLowGrayLevelEmphasis	0.03538367081786963
wavelet-HHL	glrlm	LowGrayLevelRunEmphasis	0.021894963971894745
wavelet-HHL	glrlm	RunEntropy	3.416767025244721
wavelet-HHL	glrlm	RunLengthNonUniformity	1289.9392628325172
wavelet-HHL	glrlm	RunLengthNonUniformityNormalized	0.7381513589069664
wavelet-HHL	glrlm	RunPercentage	0.8435323196764286
wavelet-HHL	glrlm	RunVariance	0.2559198645178156
wavelet-HHL	glrlm	ShortRunEmphasis	0.8802137274095317
wavelet-HHL	glrlm	ShortRunHighGrayLevelEmphasis	52.13356732349309
wavelet-HHL	glrlm	ShortRunLowGrayLevelEmphasis	0.01954911964816716
wavelet-HHL	glszm	GrayLevelNonUniformity	35.151624548736464
wavelet-HHL	glszm	GrayLevelNonUniformityNormalized	0.1269011716560883
wavelet-HHL	glszm	GrayLevelVariance	6.313909994917177
wavelet-HHL	glszm	HighGrayLevelZoneEmphasis	64.4476534296029
wavelet-HHL	glszm	LargeAreaEmphasis	1902.5559566787003
wavelet-HHL	glszm	LargeAreaHighGrayLevelEmphasis	106261.57400722022
wavelet-HHL	glszm	LargeAreaLowGrayLevelEmphasis	35.16324546445034
wavelet-HHL	glszm	LowGrayLevelZoneEmphasis	0.02864063323905903
wavelet-HHL	glszm	SizeZoneNonUniformity	84.26353790613719
wavelet-HHL	glszm	SizeZoneNonUniformityNormalized	0.30420049785609093
wavelet-HHL	glszm	SmallAreaEmphasis	0.5585540935098103
wavelet-HHL	glszm	SmallAreaHighGrayLevelEmphasis	37.39394354621036
wavelet-HHL	glszm	SmallAreaLowGrayLevelEmphasis	0.01475696019206464
wavelet-HHL	glszm	ZoneEntropy	5.313530524003617
wavelet-HHL	glszm	ZonePercentage	0.13485881207400194
wavelet-HHL	glszm	ZoneVariance	1847.5713224465326
wavelet-HHL	ngtdm	Busyness	2.2470003370697396
wavelet-HHL	ngtdm	Coarseness	0.002894284182825881
wavelet-HHL	ngtdm	Complexity	125.00717437696261
wavelet-HHL	ngtdm	Contrast	0.02890512908106163
wavelet-HHL	ngtdm	Strength	0.24675803451588996
wavelet-HHH	firstorder	10Percentile	-11.24280640928461
wavelet-HHH	firstorder	90Percentile	11.264166607859297
wavelet-HHH	firstorder	Energy	181151.32714570695
wavelet-HHH	firstorder	Entropy	1.1239471007817592
wavelet-HHH	firstorder	InterquartileRange	12.001791887135848
wavelet-HHH	firstorder	Kurtosis	3.845380485205076
wavelet-HHH	firstorder	Maximum	41.39595306301955
wavelet-HHH	firstorder	MeanAbsoluteDeviation	7.305264954186977
wavelet-HHH	firstorder	Mean	0.053633900785526274
wavelet-HHH	firstorder	Median	0.05829937809938612
wavelet-HHH	firstorder	Minimum	-33.681217978807055
wavelet-HHH	firstorder	Range	75.0771710418266
wavelet-HHH	firstorder	RobustMeanAbsoluteDeviation	4.997769508152984
wavelet-HHH	firstorder	RootMeanSquared	9.391188124219038
wavelet-HHH	firstorder	Skewness	-0.0015500194232534272
wavelet-HHH	firstorder	TotalEnergy	181151.32714570695
wavelet-HHH	firstorder	Uniformity	0.4832829096384
wavelet-HHH	firstorder	Variance	88.19153778915926
wavelet-HHH	glcm	Autocorrelation	6.252775804890254
wavelet-HHH	glcm	ClusterProminence	0.7124203777287974
wavelet-HHH	glcm	ClusterShade	-0.01033532599213676
wavelet-HHH	glcm	ClusterTendency	0.5368908419761416
wavelet-HHH	glcm	Contrast	0.5679378399732294
wavelet-HHH	glcm	Correlation	-0.027638950402499144
wavelet-HHH	glcm	DifferenceAverage	0.5381317701197027
wavelet-HHH	glcm	DifferenceEntropy	1.0801430087957231
wavelet-HHH	glcm	DifferenceVariance	0.27396927901857804
wavelet-HHH	glcm	Id	0.7357176291181567
wavelet-HHH	glcm	Idm	0.7339147219255012
wavelet-HHH	glcm	Idmn	0.9671646805899043
wavelet-HHH	glcm	Idn	0.8933461343085963
wavelet-HHH	glcm	Imc1	-0.017122297931238786
wavelet-HHH	glcm	Imc2	0.16408690277677973
wavelet-HHH	glcm	InverseVariance	0.5137907869009356
wavelet-HHH	glcm	JointAverage	2.5021016352793737
wavelet-HHH	glcm	JointEnergy	0.24178047239632772
wavelet-HHH	glcm	JointEntropy	2.1808455600102694
wavelet-HHH	glcm	MCC	0.16436456582673192
wavelet-HHH	glcm	MaximumProbability	0.27122920370071035
wavelet-HHH	glcm	SumAverage	5.004203270558747
wavelet-HHH	glcm	SumEntropy	1.5679795750323917
wavelet-HHH	glcm	SumSquares	0.2762071704873428
wavelet-HHH	gldm	DependenceEntropy	4.859742921083982
wavelet-HHH	gldm	DependenceNonUniformity	161.1333982473223
wavelet-HHH	gldm	DependenceNonUniformityNormalized	0.07844858726744026
wavelet-HHH	gldm	DependenceVariance	12.864912219157716
wavelet-HHH	gldm	GrayLevelNonUniformity	992.6630963972736
wavelet-HHH	gldm	GrayLevelVariance	0.28407771095703255
wavelet-HHH	gldm	HighGrayLevelEmphasis	6.5267770204479065
wavelet-HHH	gldm	LargeDependenceEmphasis	110.83057448880234
wavelet-HHH	gldm	LargeDependenceHighGrayLevelEmphasis	730.2259006815968
wavelet-HHH	gldm	LargeDependenceLowGrayLevelEmphasis	19.760616141945256
wavelet-HHH	gldm	LowGrayLevelEmphasis	0.18762171372930866
wavelet-HHH	gldm	SmallDependenceEmphasis	0.030685453923800718
wavelet-HHH	gldm	SmallDependenceHighGrayLevelEmphasis	0.19549523623574908
wavelet-HHH	gldm	SmallDependenceLowGrayLevelEmphasis	0.01053591152915402
wavelet-HHH	glrlm	GrayLevelNonUniformity	642.4690388710565
wavelet-HHH	glrlm	GrayLevelNonUniformityNormalized	0.4754201081363413
wavelet-HHH	glrlm	GrayLevelVariance	0.300449677670344
wavelet-HHH	glrlm	HighGrayLevelRunEmphasis	6.505262402815995
wavelet-HHH	glrlm	LongRunEmphasis	3.151624678531581
wavelet-HHH	glrlm	LongRunHighGrayLevelEmphasis	20.64844429830923
wavelet-HHH	glrlm	LongRunLowGrayLevelEmphasis	0.577059111463426
wavelet-HHH	glrlm	LowGrayLevelRunEmphasis	0.192081556603896
wavelet-HHH	glrlm	RunEntropy	2.5494455539267937
wavelet-HHH	glrlm	RunLengthNonUniformity	670.8875632936565
wavelet-HHH	glrlm	RunLengthNonUniformityNormalized	0.4920720856066846
wavelet-HHH	glrlm	RunPercentage	0.65777844356228
wavelet-HHH	glrlm	RunVariance	0.7855328876790003
wavelet-HHH	glrlm	ShortRunEmphasis	0.7192252915072873
wavelet-HHH	glrlm	ShortRunHighGrayLevelEmphasis	4.662977793808098
wavelet-HHH	glrlm	ShortRunLowGrayLevelEmphasis	0.1416482270544847
wavelet-HHH	glszm	GrayLevelNonUniformity	11.205128205128204
wavelet-HHH	glszm	GrayLevelNonUniformityNormalized	0.2873109796186719
wavelet-HHH	glszm	GrayLevelVariance	1.36094674556213
wavelet-HHH	glszm	HighGrayLevelZoneEmphasis	6.0
wavelet-HHH	glszm	LargeAreaEmphasis	50984.307692307695
wavelet-HHH	glszm	LargeAreaHighGrayLevelEmphasis	334214.71794871794
wavelet-HHH	glszm	LargeAreaLowGrayLevelEmphasis	9127.937321937323
wavelet-HHH	glszm	LowGrayLevelZoneEmphasis	0.49786324786324787
wavelet-HHH	glszm	SizeZoneNonUniformity	15.205128205128204
wavelet-HHH	glszm	SizeZoneNonUniformityNormalized	0.3898750821827745
wavelet-HHH	glszm	SmallAreaEmphasis	0.6237108778208043
wavelet-HHH	glszm	SmallAreaHighGrayLevelEmphasis	3.869865004982786
wavelet-HHH	glszm	SmallAreaLowGrayLevelEmphasis	0.3501353370328721
wavelet-HHH	glszm	ZoneEntropy	3.094688737060592
wavelet-HHH	glszm	ZonePercentage	0.0189873417721519
wavelet-HHH	glszm	ZoneVariance	48210.52991452992
wavelet-HHH	ngtdm	Busyness	47.635602496495856
wavelet-HHH	ngtdm	Coarseness	0.0019532075363153595
wavelet-HHH	ngtdm	Complexity	3.5793652184270033
wavelet-HHH	ngtdm	Contrast	0.025222141391959624
wavelet-HHH	ngtdm	Strength	0.01121608947451275
wavelet-LLL	firstorder	10Percentile	469.091369967454
wavelet-LLL	firstorder	90Percentile	1053.828782662654
wavelet-LLL	firstorder	Energy	1299947559.0095425
wavelet-LLL	firstorder	Entropy	5.181503468792057
wavelet-LLL	firstorder	InterquartileRange	326.3112910687769
wavelet-LLL	firstorder	Kurtosis	2.642824075111614
wavelet-LLL	firstorder	Maximum	1346.4079980603594
wavelet-LLL	firstorder	MeanAbsoluteDeviation	185.21849524533852
wavelet-LLL	firstorder	Mean	762.6776785415109
wavelet-LLL	firstorder	Median	757.4534471646016
wavelet-LLL	firstorder	Minimum	49.20369998913095
wavelet-LLL	firstorder	Range	1297.2042980712285
wavelet-LLL	firstorder	RobustMeanAbsoluteDeviation	134.07978604683956
wavelet-LLL	firstorder	RootMeanSquared	795.5412379323867
wavelet-LLL	firstorder	Skewness	-0.17085671704955224
wavelet-LLL	firstorder	TotalEnergy	1299947559.0095425
wavelet-LLL	firstorder	Uniformity	0.03157066886375552
wavelet-LLL	firstorder	Variance	51208.619905526124
wavelet-LLL	glcm	Autocorrelation	1056.0512325463785
wavelet-LLL	glcm	ClusterProminence	182028.78271239137
wavelet-LLL	glcm	ClusterShade	-1112.957343329016
wavelet-LLL	glcm	ClusterTendency	256.866143460227
wavelet-LLL	glcm	Contrast	50.55329938456657
wavelet-LLL	glcm	Correlation	0.6701604959104939
wavelet-LLL	glcm	DifferenceAverage	5.35061302425462
wavelet-LLL	glcm	DifferenceEntropy	3.8684835145357264
wavelet-LLL	glcm	DifferenceVariance	20.983265863129514
wavelet-LLL	glcm	Id	0.2805638945750029
wavelet-LLL	glcm	Idm	0.1910548880498594
wavelet-LLL	glcm	Idmn	0.9831366915236182
wavelet-LLL	glcm	Idn	0.9136636612238372
wavelet-LLL	glcm	Imc1	-0.17535072545746833
wavelet-LLL	glcm	Imc2	0.9081453925546922
wavelet-LLL	glcm	InverseVariance	0.19636947598457996
wavelet-LLL	glcm	JointAverage	31.691865264942205
wavelet-LLL	glcm	JointEnergy	0.002001792978209926
wavelet-LLL	glcm	JointEntropy	9.362976125693509
wavelet-LLL	glcm	MCC	0.693987552134746
wavelet-LLL	glcm	MaximumProbability	0.007155765509240265
wavelet-LLL	glcm	SumAverage	63.3837305298844
wavelet-LLL	glcm	SumEntropy	5.968034127487119
wavelet-LLL	glcm	SumSquares	76.85486071119831
wavelet-LLL	gldm	DependenceEntropy	7.186016860644013
wavelet-LLL	gldm	DependenceNonUniformity	507.8442064264849
wavelet-LLL	gldm	DependenceNonUniformityNormalized	0.24724644908786997
wavelet-LLL	gldm	DependenceVariance	2.0877979082778606
wavelet-LLL	gldm	GrayLevelNonUniformity	64.84615384615384
wavelet-LLL	gldm	GrayLevelVariance	81.86848849325276
wavelet-LLL	gldm	HighGrayLevelEmphasis	982.335929892892
wavelet-LLL	gldm	LargeDependenceEmphasis	7.7370983446932815
wavelet-LLL	gldm	LargeDependenceHighGrayLevelEmphasis	8386.186952288219
wavelet-LLL	gldm	LargeDependenceLowGrayLevelEmphasis	0.010886662319302434
wavelet-LLL	gldm	LowGrayLevelEmphasis	0.002338534856637363
wavelet-LLL	gldm	SmallDependenceEmphasis	0.42683776550740155
wavelet-LLL	gldm	SmallDependenceHighGrayLevelEmphasis	380.8622171937804
wavelet-LLL	gldm	SmallDependenceLowGrayLevelEmphasis	0.0015270776016391462
wavelet-LLL	glrlm	GrayLevelNonUniformity	60.93661544413534
wavelet-LLL	glrlm	GrayLevelNonUniformityNormalized	0.03132371009493595
wavelet-LLL	glrlm	GrayLevelVariance	82.52277972483509
wavelet-LLL	glrlm	HighGrayLevelRunEmphasis	977.0222850751926
wavelet-LLL	glrlm	LongRunEmphasis	1.1794947187825806
wavelet-LLL	glrlm	LongRunHighGrayLevelEmphasis	1169.7044402504046
wavelet-LLL	glrlm	LongRunLowGrayLevelEmphasis	0.0026323328455404678
wavelet-LLL	glrlm	LowGrayLevelRunEmphasis	0.0023955627818283576
wavelet-LLL	glrlm	RunEntropy	5.473021299227152
wavelet-LLL	glrlm	RunLengthNonUniformity	1755.584742746197
wavelet-LLL	glrlm	RunLengthNonUniformityNormalized	0.9018248224129172
wavelet-LLL	glrlm	RunPercentage	0.9470451651561679
wavelet-LLL	glrlm	RunVariance	0.06299198836567894
wavelet-LLL	glrlm	ShortRunEmphasis	0.9605132260751443
wavelet-LLL	glrlm	ShortRunHighGrayLevelEmphasis	934.4316892720146
wavelet-LLL	glrlm	ShortRunLowGrayLevelEmphasis	0.0023426869648771444
wavelet-LLL	glszm	GrayLevelNonUniformity	30.39172281039461
wavelet-LLL	glszm	GrayLevelNonUniformityNormalized	0.029250936294893753
wavelet-LLL	glszm	GrayLevelVariance	92.14337470044583
wavelet-LLL	glszm	HighGrayLevelZoneEmphasis	908.2656400384985
wavelet-LLL	glszm	LargeAreaEmphasis	9.332050048123195
wavelet-LLL	glszm	LargeAreaHighGrayLevelEmphasis	10394.906641000962
wavelet-LLL	glszm	LargeAreaLowGrayLevelEmphasis	0.013075202687459401
wavelet-LLL	glszm	LowGrayLevelZoneEmphasis	0.0032837781147289384
wavelet-LLL	glszm	SizeZoneNonUniformity	457.62560153994224
wavelet-LLL	glszm	SizeZoneNonUniformityNormalized	0.44044812467751904
wavelet-LLL	glszm	SmallAreaEmphasis	0.6899144447413592
wavelet-LLL	glszm	SmallAreaHighGrayLevelEmphasis	594.7415272706779
wavelet-LLL	glszm	SmallAreaLowGrayLevelEmphasis	0.0027940081718535142
wavelet-LLL	glszm	ZoneEntropy	6.8159533740832074
wavelet-LLL	glszm	ZonePercentage	0.505842259006816
wavelet-LLL	glszm	ZoneVariance	5.423913013271627
wavelet-LLL	ngtdm	Busyness	0.11263663938419592
wavelet-LLL	ngtdm	Coarseness	0.005825245871357655
wavelet-LLL	ngtdm	Complexity	3226.732838767437
wavelet-LLL	ngtdm	Contrast	0.18902913859649037
wavelet-LLL	ngtdm	Strength	5.201199338907217
