Image type	Feature Class	Feature Name	ROI_24_segment_Mass
diagnostics	Versions	PyRadiomics	v3.0.1.post15+g2791e23
diagnostics	Versions	Numpy	1.23.4
diagnostics	Versions	SimpleITK	2.2.0rc2.dev368
diagnostics	Versions	PyWavelet	1.5.0
diagnostics	Versions	Python	3.9.10
diagnostics	Configuration	Settings	{'minimumROIDimensions': 2, 'minimumROISize': None, 'normalize': False, 'normalizeScale': 1, 'removeOutliers': None, 'resampledPixelSpacing': [1.0, 1.0, 1.0], 'interpolator': 'sitkBSpline', 'preCrop': False, 'padDistance': 5, 'distances': [1], 'force2D': False, 'force2Ddimension': 0, 'resegmentRange': None, 'label': 1, 'additionalInfo': True, 'binWidth': 25.0, 'symmetricalGLCM': True, 'correctMask': True}
diagnostics	Configuration	EnabledImageTypes	{'Original': {}, 'Wavelet': {}}
diagnostics	Image-original	Hash	901c4811cdc4778b070f1def2c6f105de37d8966
diagnostics	Image-original	Dimensionality	3D
diagnostics	Image-original	Spacing	(0.6055, 0.6055, 2.0)
diagnostics	Image-original	Size	(512, 512, 116)
diagnostics	Image-original	Mean	72.09923609371843
diagnostics	Image-original	Minimum	0.0
diagnostics	Image-original	Maximum	1422.0
diagnostics	Mask-original	Hash	622971acd1180e8a423df1f6e8d5facc5ed5c635
diagnostics	Mask-original	Spacing	(0.6055, 0.6055, 2.0)
diagnostics	Mask-original	Size	(512, 512, 116)
diagnostics	Mask-original	BoundingBox	(381, 291, 54, 8, 19, 3)
diagnostics	Mask-original	VoxelNum	162
diagnostics	Mask-original	VolumeNum	4
diagnostics	Mask-original	CenterOfMassIndex	(384.35185185185185, 298.9320987654321, 54.82098765432099)
diagnostics	Mask-original	CenterOfMass	(-80.2590462962963, -12.64738580246916, -1.455024691358048)
diagnostics	Image-interpolated	Spacing	(1.0, 1.0, 1.0)
diagnostics	Image-interpolated	Size	(17, 24, 17)
diagnostics	Image-interpolated	Mean	233.2722029988466
diagnostics	Image-interpolated	Minimum	12.0
diagnostics	Image-interpolated	Maximum	490.0
diagnostics	Mask-interpolated	Spacing	(1.0, 1.0, 1.0)
diagnostics	Mask-interpolated	Size	(17, 24, 17)
diagnostics	Mask-interpolated	BoundingBox	(6, 7, 6, 5, 11, 6)
diagnostics	Mask-interpolated	VoxelNum	114
diagnostics	Mask-interpolated	VolumeNum	2
diagnostics	Mask-interpolated	CenterOfMassIndex	(7.43859649122807, 10.75438596491228, 8.078947368421053)
diagnostics	Mask-interpolated	CenterOfMass	(-80.16984649122806, -12.595635964912312, -1.5180526315789695)
diagnostics	Mask-interpolated	Mean	358.70175438596493
diagnostics	Mask-interpolated	Minimum	232.0
diagnostics	Mask-interpolated	Maximum	490.0
original	shape	Elongation	0.6203799488369955
original	shape	Flatness	0.36429951802516575
original	shape	LeastAxisLength	3.589030765242819
original	shape	MajorAxisLength	9.851868003280996
original	shape	Maximum2DDiameterColumn	6.708203932499369
original	shape	Maximum2DDiameterRow	11.045361017187261
original	shape	Maximum2DDiameterSlice	11.180339887498949
original	shape	Maximum3DDiameter	11.575836902790225
original	shape	MeshVolume	99.625
original	shape	MinorAxisLength	6.111901367824299
original	shape	Sphericity	0.6030794578053755
original	shape	SurfaceArea	172.3277211799671
original	shape	SurfaceVolumeRatio	1.729763826147725
original	shape	VoxelVolume	114.0
original	firstorder	10Percentile	277.0
original	firstorder	90Percentile	431.7
original	firstorder	Energy	15020434.0
original	firstorder	Entropy	3.132363302772974
original	firstorder	InterquartileRange	81.0
original	firstorder	Kurtosis	2.4112290345351837
original	firstorder	Maximum	490.0
original	firstorder	MeanAbsoluteDeviation	45.18775007694675
original	firstorder	Mean	358.70175438596493
original	firstorder	Median	358.0
original	firstorder	Minimum	232.0
original	firstorder	Range	258.0
original	firstorder	RobustMeanAbsoluteDeviation	32.71609708972346
original	firstorder	RootMeanSquared	362.9851139956791
original	firstorder	Skewness	-0.12897571687997741
original	firstorder	TotalEnergy	15020434.0
original	firstorder	Uniformity	0.12619267466912895
original	firstorder	Variance	3091.244382887043
original	glcm	Autocorrelation	45.61186868901742
original	glcm	ClusterProminence	359.2495406992126
original	glcm	ClusterShade	-20.732430528668907
original	glcm	ClusterTendency	11.278130639911435
original	glcm	Contrast	5.68659555772146
original	glcm	Correlation	0.3309544171325139
original	glcm	DifferenceAverage	1.8282448382429801
original	glcm	DifferenceEntropy	2.3275564426315616
original	glcm	DifferenceVariance	2.202609049253016
original	glcm	Id	0.47554880551481343
original	glcm	Idm	0.4062350487531299
original	glcm	Idmn	0.9590220285428189
original	glcm	Idn	0.8686827932992119
original	glcm	Imc1	-0.2252654000985811
original	glcm	Imc2	0.8519097581845055
original	glcm	InverseVariance	0.392264747583445
original	glcm	JointAverage	6.645899239240847
original	glcm	JointEnergy	0.0307023419568859
original	glcm	JointEntropy	5.296667190281955
original	glcm	MCC	0.6800917768932069
original	glcm	MaximumProbability	0.06294127066276636
original	glcm	SumAverage	13.291798478481693
original	glcm	SumEntropy	3.5161591328843893
original	glcm	SumSquares	4.241181549408222
original	gldm	DependenceEntropy	4.991997558898858
original	gldm	DependenceNonUniformity	18.80701754385965
original	gldm	DependenceNonUniformityNormalized	0.16497383810403202
original	gldm	DependenceVariance	3.793167128347183
original	gldm	GrayLevelNonUniformity	14.385964912280702
original	gldm	GrayLevelVariance	4.9248999692213
original	gldm	HighGrayLevelEmphasis	40.08771929824562
original	gldm	LargeDependenceEmphasis	15.859649122807017
original	gldm	LargeDependenceHighGrayLevelEmphasis	846.859649122807
original	gldm	LargeDependenceLowGrayLevelEmphasis	0.5434650043382101
original	gldm	LowGrayLevelEmphasis	0.06632103108939137
original	gldm	SmallDependenceEmphasis	0.23226938273349285
original	gldm	SmallDependenceHighGrayLevelEmphasis	8.414912716171212
original	gldm	SmallDependenceLowGrayLevelEmphasis	0.03091950024002398
original	glrlm	GrayLevelNonUniformity	12.964890361324958
original	glrlm	GrayLevelNonUniformityNormalized	0.12562393956326362
original	glrlm	GrayLevelVariance	4.958863389323711
original	glrlm	HighGrayLevelRunEmphasis	39.132534291753196
original	glrlm	LongRunEmphasis	1.3444312978916224
original	glrlm	LongRunHighGrayLevelEmphasis	56.20147692931509
original	glrlm	LongRunLowGrayLevelEmphasis	0.08210256069690251
original	glrlm	LowGrayLevelRunEmphasis	0.06937596249086223
original	glrlm	RunEntropy	3.5200196301041418
original	glrlm	RunLengthNonUniformity	85.3876500511955
original	glrlm	RunLengthNonUniformityNormalized	0.8236342819542114
original	glrlm	RunPercentage	0.9048582995951419
original	glrlm	RunVariance	0.11224067809956367
original	glrlm	ShortRunEmphasis	0.9242083031436797
original	glrlm	ShortRunHighGrayLevelEmphasis	35.49504701350422
original	glrlm	ShortRunLowGrayLevelEmphasis	0.06636915942657669
original	glszm	GrayLevelNonUniformity	5.0
original	glszm	GrayLevelNonUniformityNormalized	0.13157894736842105
original	glszm	GrayLevelVariance	6.35180055401662
original	glszm	HighGrayLevelZoneEmphasis	34.05263157894737
original	glszm	LargeAreaEmphasis	19.36842105263158
original	glszm	LargeAreaHighGrayLevelEmphasis	992.6842105263158
original	glszm	LargeAreaLowGrayLevelEmphasis	0.6609313406060956
original	glszm	LowGrayLevelZoneEmphasis	0.11303095969349672
original	glszm	SizeZoneNonUniformity	9.631578947368421
original	glszm	SizeZoneNonUniformityNormalized	0.25346260387811637
original	glszm	SmallAreaEmphasis	0.48020823654965833
original	glszm	SmallAreaHighGrayLevelEmphasis	17.827203417832262
original	glszm	SmallAreaLowGrayLevelEmphasis	0.08197096288589444
original	glszm	ZoneEntropy	4.343597829848834
original	glszm	ZonePercentage	0.3333333333333333
original	glszm	ZoneVariance	10.368421052631579
original	ngtdm	Busyness	0.2630513337526071
original	ngtdm	Coarseness	0.06857207080542138
original	ngtdm	Complexity	51.5657292209757
original	ngtdm	Contrast	0.10581875442249462
original	ngtdm	Strength	2.438061256264326
wavelet-LLH	firstorder	10Percentile	-50.999365921047854
wavelet-LLH	firstorder	90Percentile	21.073338389746493
wavelet-LLH	firstorder	Energy	109443.05609990259
wavelet-LLH	firstorder	Entropy	2.1684170964597667
wavelet-LLH	firstorder	InterquartileRange	36.66186835374198
wavelet-LLH	firstorder	Kurtosis	2.5213116835025753
wavelet-LLH	firstorder	Maximum	46.484249706098446
wavelet-LLH	firstorder	MeanAbsoluteDeviation	21.918928153511246
wavelet-LLH	firstorder	Mean	-15.245439735602142
wavelet-LLH	firstorder	Median	-18.383236631019805
wavelet-LLH	firstorder	Minimum	-84.42749052322945
wavelet-LLH	firstorder	Range	130.9117402293279
wavelet-LLH	firstorder	RobustMeanAbsoluteDeviation	15.575899993256133
wavelet-LLH	firstorder	RootMeanSquared	30.984299377166533
wavelet-LLH	firstorder	Skewness	0.12138228920935425
wavelet-LLH	firstorder	TotalEnergy	109443.05609990259
wavelet-LLH	firstorder	Uniformity	0.2462296091104955
wavelet-LLH	firstorder	Variance	727.6033751620057
wavelet-LLH	glcm	Autocorrelation	14.379497227762984
wavelet-LLH	glcm	ClusterProminence	35.16758798070631
wavelet-LLH	glcm	ClusterShade	1.2530803487558546
wavelet-LLH	glcm	ClusterTendency	3.852688905101267
wavelet-LLH	glcm	Contrast	1.6662179429320172
wavelet-LLH	glcm	Correlation	0.40538276746086777
wavelet-LLH	glcm	DifferenceAverage	0.9270154473607255
wavelet-LLH	glcm	DifferenceEntropy	1.6412410261075723
wavelet-LLH	glcm	DifferenceVariance	0.7347769312646473
wavelet-LLH	glcm	Id	0.6388759897226666
wavelet-LLH	glcm	Idm	0.6091268509778154
wavelet-LLH	glcm	Idmn	0.9596807877794304
wavelet-LLH	glcm	Idn	0.8797346288021324
wavelet-LLH	glcm	Imc1	-0.16796679569234563
wavelet-LLH	glcm	Imc2	0.6741867583916233
wavelet-LLH	glcm	InverseVariance	0.46777183249726
wavelet-LLH	glcm	JointAverage	3.7190248245317012
wavelet-LLH	glcm	JointEnergy	0.07652166758613434
wavelet-LLH	glcm	JointEntropy	4.071275625513342
wavelet-LLH	glcm	MCC	0.50179380806769
wavelet-LLH	glcm	MaximumProbability	0.1514350362920994
wavelet-LLH	glcm	SumAverage	7.4380496490634025
wavelet-LLH	glcm	SumEntropy	2.8810258456941558
wavelet-LLH	glcm	SumSquares	1.379726712008321
wavelet-LLH	gldm	DependenceEntropy	5.008275731411477
wavelet-LLH	gldm	DependenceNonUniformity	12.543859649122806
wavelet-LLH	gldm	DependenceNonUniformityNormalized	0.1100338565712527
wavelet-LLH	gldm	DependenceVariance	8.138196368113267
wavelet-LLH	gldm	GrayLevelNonUniformity	28.07017543859649
wavelet-LLH	gldm	GrayLevelVariance	1.232148353339489
wavelet-LLH	gldm	HighGrayLevelEmphasis	16.06140350877193
wavelet-LLH	gldm	LargeDependenceEmphasis	42.473684210526315
wavelet-LLH	gldm	LargeDependenceHighGrayLevelEmphasis	605.1315789473684
wavelet-LLH	gldm	LargeDependenceLowGrayLevelEmphasis	4.015299707602339
wavelet-LLH	gldm	LowGrayLevelEmphasis	0.09565545808966863
wavelet-LLH	gldm	SmallDependenceEmphasis	0.11454586722885313
wavelet-LLH	gldm	SmallDependenceHighGrayLevelEmphasis	2.145589217643786
wavelet-LLH	gldm	SmallDependenceLowGrayLevelEmphasis	0.016720979781714482
wavelet-LLH	glrlm	GrayLevelNonUniformity	22.49442753200478
wavelet-LLH	glrlm	GrayLevelNonUniformityNormalized	0.24257122091196054
wavelet-LLH	glrlm	GrayLevelVariance	1.2653323316677003
wavelet-LLH	glrlm	HighGrayLevelRunEmphasis	16.33258364859335
wavelet-LLH	glrlm	LongRunEmphasis	1.8225738706855397
wavelet-LLH	glrlm	LongRunHighGrayLevelEmphasis	28.773186603907824
wavelet-LLH	glrlm	LongRunLowGrayLevelEmphasis	0.17076507434266058
wavelet-LLH	glrlm	LowGrayLevelRunEmphasis	0.09642566754538134
wavelet-LLH	glrlm	RunEntropy	2.9451821089569115
wavelet-LLH	glrlm	RunLengthNonUniformity	64.24309940914547
wavelet-LLH	glrlm	RunLengthNonUniformityNormalized	0.6830253660538834
wavelet-LLH	glrlm	RunPercentage	0.8130904183535763
wavelet-LLH	glrlm	RunVariance	0.26607046003904605
wavelet-LLH	glrlm	ShortRunEmphasis	0.8469460613836356
wavelet-LLH	glrlm	ShortRunHighGrayLevelEmphasis	14.084971624508295
wavelet-LLH	glrlm	ShortRunLowGrayLevelEmphasis	0.08180775290734162
wavelet-LLH	glszm	GrayLevelNonUniformity	3.1333333333333333
wavelet-LLH	glszm	GrayLevelNonUniformityNormalized	0.2088888888888889
wavelet-LLH	glszm	GrayLevelVariance	2.2488888888888887
wavelet-LLH	glszm	HighGrayLevelZoneEmphasis	19.333333333333332
wavelet-LLH	glszm	LargeAreaEmphasis	158.26666666666668
wavelet-LLH	glszm	LargeAreaHighGrayLevelEmphasis	2296.2
wavelet-LLH	glszm	LargeAreaLowGrayLevelEmphasis	14.027462962962964
wavelet-LLH	glszm	LowGrayLevelZoneEmphasis	0.1402962962962963
wavelet-LLH	glszm	SizeZoneNonUniformity	4.733333333333333
wavelet-LLH	glszm	SizeZoneNonUniformityNormalized	0.31555555555555553
wavelet-LLH	glszm	SmallAreaEmphasis	0.5541543793707443
wavelet-LLH	glszm	SmallAreaHighGrayLevelEmphasis	11.129108045710455
wavelet-LLH	glszm	SmallAreaLowGrayLevelEmphasis	0.1016626257307279
wavelet-LLH	glszm	ZoneEntropy	3.506890595608515
wavelet-LLH	glszm	ZonePercentage	0.13157894736842105
wavelet-LLH	glszm	ZoneVariance	100.50666666666665
wavelet-LLH	ngtdm	Busyness	0.8308061801730751
wavelet-LLH	ngtdm	Coarseness	0.06323323473717717
wavelet-LLH	ngtdm	Complexity	9.126125928727854
wavelet-LLH	ngtdm	Contrast	0.05518924788633217
wavelet-LLH	ngtdm	Strength	0.6692952933171642
wavelet-LHL	firstorder	10Percentile	-63.39841010120603
wavelet-LHL	firstorder	90Percentile	32.85587357340688
wavelet-LHL	firstorder	Energy	170316.177509033
wavelet-LHL	firstorder	Entropy	2.584864243435139
wavelet-LHL	firstorder	InterquartileRange	54.34449349626979
wavelet-LHL	firstorder	Kurtosis	2.4369672788187593
wavelet-LHL	firstorder	Maximum	76.8941769763997
wavelet-LHL	firstorder	MeanAbsoluteDeviation	29.844070615887347
wavelet-LHL	firstorder	Mean	-12.423301491588536
wavelet-LHL	firstorder	Median	-10.74049111522353
wavelet-LHL	firstorder	Minimum	-85.596145485894
wavelet-LHL	firstorder	Range	162.4903224622937
wavelet-LHL	firstorder	RobustMeanAbsoluteDeviation	21.308139618546246
wavelet-LHL	firstorder	RootMeanSquared	38.65231632252821
wavelet-LHL	firstorder	Skewness	0.16752411911700296
wavelet-LHL	firstorder	TotalEnergy	170316.177509033
wavelet-LHL	firstorder	Uniformity	0.18451831332717758
wavelet-LHL	firstorder	Variance	1339.6631371458748
wavelet-LHL	glcm	Autocorrelation	16.15856231991007
wavelet-LHL	glcm	ClusterProminence	48.101937277236104
wavelet-LHL	glcm	ClusterShade	0.5730454436591098
wavelet-LHL	glcm	ClusterTendency	4.157238710920613
wavelet-LHL	glcm	Contrast	4.096291966595419
wavelet-LHL	glcm	Correlation	-0.0024126904402464924
wavelet-LHL	glcm	DifferenceAverage	1.594933100455316
wavelet-LHL	glcm	DifferenceEntropy	2.103393035079921
wavelet-LHL	glcm	DifferenceVariance	1.3853787094463164
wavelet-LHL	glcm	Id	0.49310413042234136
wavelet-LHL	glcm	Idm	0.43083908042904484
wavelet-LHL	glcm	Idmn	0.945281830794944
wavelet-LHL	glcm	Idn	0.8470155328218338
wavelet-LHL	glcm	Imc1	-0.15280336776196302
wavelet-LHL	glcm	Imc2	0.7025348262918029
wavelet-LHL	glcm	InverseVariance	0.44728738979971705
wavelet-LHL	glcm	JointAverage	4.017418092856246
wavelet-LHL	glcm	JointEnergy	0.047193100467363996
wavelet-LHL	glcm	JointEntropy	4.664599376359365
wavelet-LHL	glcm	MCC	0.5062582386216458
wavelet-LHL	glcm	MaximumProbability	0.08419036851946596
wavelet-LHL	glcm	SumAverage	8.034836185712493
wavelet-LHL	glcm	SumEntropy	2.8947716166380335
wavelet-LHL	glcm	SumSquares	2.0633826693790076
wavelet-LHL	gldm	DependenceEntropy	5.019869813012081
wavelet-LHL	gldm	DependenceNonUniformity	17.859649122807017
wavelet-LHL	gldm	DependenceNonUniformityNormalized	0.1566635887965528
wavelet-LHL	gldm	DependenceVariance	3.7756232686980606
wavelet-LHL	gldm	GrayLevelNonUniformity	21.035087719298247
wavelet-LHL	gldm	GrayLevelVariance	2.234918436441982
wavelet-LHL	gldm	HighGrayLevelEmphasis	18.587719298245613
wavelet-LHL	gldm	LargeDependenceEmphasis	16.210526315789473
wavelet-LHL	gldm	LargeDependenceHighGrayLevelEmphasis	277.2543859649123
wavelet-LHL	gldm	LargeDependenceLowGrayLevelEmphasis	1.441182731133389
wavelet-LHL	gldm	LowGrayLevelEmphasis	0.10734177954807654
wavelet-LHL	gldm	SmallDependenceEmphasis	0.23698766039879238
wavelet-LHL	gldm	SmallDependenceHighGrayLevelEmphasis	5.250429851358998
wavelet-LHL	gldm	SmallDependenceLowGrayLevelEmphasis	0.02537283638784461
wavelet-LHL	glrlm	GrayLevelNonUniformity	18.62485442259026
wavelet-LHL	glrlm	GrayLevelNonUniformityNormalized	0.18086553965984514
wavelet-LHL	glrlm	GrayLevelVariance	2.3229319994048585
wavelet-LHL	glrlm	HighGrayLevelRunEmphasis	18.773204181865864
wavelet-LHL	glrlm	LongRunEmphasis	1.3782089272469895
wavelet-LHL	glrlm	LongRunHighGrayLevelEmphasis	25.141795283191282
wavelet-LHL	glrlm	LongRunLowGrayLevelEmphasis	0.14466677107604442
wavelet-LHL	glrlm	LowGrayLevelRunEmphasis	0.10873603468654734
wavelet-LHL	glrlm	RunEntropy	3.020004729327269
wavelet-LHL	glrlm	RunLengthNonUniformity	85.36002702809623
wavelet-LHL	glrlm	RunLengthNonUniformityNormalized	0.8206984523525447
wavelet-LHL	glrlm	RunPercentage	0.9028340080971661
wavelet-LHL	glrlm	RunVariance	0.11953089041170385
wavelet-LHL	glrlm	ShortRunEmphasis	0.9194484733654283
wavelet-LHL	glrlm	ShortRunHighGrayLevelEmphasis	17.387311752495734
wavelet-LHL	glrlm	ShortRunLowGrayLevelEmphasis	0.10106699813443826
wavelet-LHL	glszm	GrayLevelNonUniformity	5.352941176470588
wavelet-LHL	glszm	GrayLevelNonUniformityNormalized	0.157439446366782
wavelet-LHL	glszm	GrayLevelVariance	3.277681660899654
wavelet-LHL	glszm	HighGrayLevelZoneEmphasis	21.970588235294116
wavelet-LHL	glszm	LargeAreaEmphasis	35.705882352941174
wavelet-LHL	glszm	LargeAreaHighGrayLevelEmphasis	584.5
wavelet-LHL	glszm	LargeAreaLowGrayLevelEmphasis	3.096688717153528
wavelet-LHL	glszm	LowGrayLevelZoneEmphasis	0.11619001767373616
wavelet-LHL	glszm	SizeZoneNonUniformity	10.529411764705882
wavelet-LHL	glszm	SizeZoneNonUniformityNormalized	0.3096885813148789
wavelet-LHL	glszm	SmallAreaEmphasis	0.5522701617075626
wavelet-LHL	glszm	SmallAreaHighGrayLevelEmphasis	12.955665418203356
wavelet-LHL	glszm	SmallAreaLowGrayLevelEmphasis	0.055868887062018674
wavelet-LHL	glszm	ZoneEntropy	4.2705676203439396
wavelet-LHL	glszm	ZonePercentage	0.2982456140350877
wavelet-LHL	glszm	ZoneVariance	24.463667820069208
wavelet-LHL	ngtdm	Busyness	0.791728112047704
wavelet-LHL	ngtdm	Coarseness	0.04861202710195554
wavelet-LHL	ngtdm	Complexity	29.43806498856789
wavelet-LHL	ngtdm	Contrast	0.09765928980486008
wavelet-LHL	ngtdm	Strength	0.8824700166488934
wavelet-LHH	firstorder	10Percentile	-9.34106303287533
wavelet-LHH	firstorder	90Percentile	11.871554536383183
wavelet-LHH	firstorder	Energy	7782.333529455388
wavelet-LHH	firstorder	Entropy	0.9999999999999993
wavelet-LHH	firstorder	InterquartileRange	9.603631042772271
wavelet-LHH	firstorder	Kurtosis	3.048428654748104
wavelet-LHH	firstorder	Maximum	20.114889349164216
wavelet-LHH	firstorder	MeanAbsoluteDeviation	6.376946507305903
wavelet-LHH	firstorder	Mean	0.8422636341181189
wavelet-LHH	firstorder	Median	0.14370235741161455
wavelet-LHH	firstorder	Minimum	-20.60235713704592
wavelet-LHH	firstorder	Range	40.717246486210136
wavelet-LHH	firstorder	RobustMeanAbsoluteDeviation	4.127023157953951
wavelet-LHH	firstorder	RootMeanSquared	8.26232918684035
wavelet-LHH	firstorder	Skewness	0.0760215720950847
wavelet-LHH	firstorder	TotalEnergy	7782.333529455388
wavelet-LHH	firstorder	Uniformity	0.5
wavelet-LHH	firstorder	Variance	67.55667556235606
wavelet-LHH	glcm	Autocorrelation	2.2752449960123955
wavelet-LHH	glcm	ClusterProminence	0.5209603347742949
wavelet-LHH	glcm	ClusterShade	-0.0037746142444256134
wavelet-LHH	glcm	ClusterTendency	0.5206416137026173
wavelet-LHH	glcm	Contrast	0.4763948843941964
wavelet-LHH	glcm	Correlation	0.04435331921711759
wavelet-LHH	glcm	DifferenceAverage	0.4763948843941964
wavelet-LHH	glcm	DifferenceEntropy	0.9826375488549721
wavelet-LHH	glcm	DifferenceVariance	0.2441791929419329
wavelet-LHH	glcm	Id	0.7618025578029018
wavelet-LHH	glcm	Idm	0.7618025578029018
wavelet-LHH	glcm	Idmn	0.9047210231211607
wavelet-LHH	glcm	Idn	0.8412017052019346
wavelet-LHH	glcm	Imc1	-0.017265226033578655
wavelet-LHH	glcm	Imc2	0.11821687693360158
wavelet-LHH	glcm	InverseVariance	0.4763948843941964
wavelet-LHH	glcm	JointAverage	1.5044808127364981
wavelet-LHH	glcm	JointEnergy	0.25730255800966007
wavelet-LHH	glcm	JointEntropy	1.978476525145393
wavelet-LHH	glcm	MCC	0.1008722538105073
wavelet-LHH	glcm	MaximumProbability	0.2920313954610875
wavelet-LHH	glcm	SumAverage	3.0089616254729963
wavelet-LHH	glcm	SumEntropy	1.502081640751197
wavelet-LHH	glcm	SumSquares	0.24925912452420346
wavelet-LHH	gldm	DependenceEntropy	4.65707817760602
wavelet-LHH	gldm	DependenceNonUniformity	9.263157894736842
wavelet-LHH	gldm	DependenceNonUniformityNormalized	0.08125577100646353
wavelet-LHH	gldm	DependenceVariance	13.760849492151431
wavelet-LHH	gldm	GrayLevelNonUniformity	57.0
wavelet-LHH	gldm	GrayLevelVariance	0.25
wavelet-LHH	gldm	HighGrayLevelEmphasis	2.5
wavelet-LHH	gldm	LargeDependenceEmphasis	76.08771929824562
wavelet-LHH	gldm	LargeDependenceHighGrayLevelEmphasis	194.74561403508773
wavelet-LHH	gldm	LargeDependenceLowGrayLevelEmphasis	46.42324561403509
wavelet-LHH	gldm	LowGrayLevelEmphasis	0.625
wavelet-LHH	gldm	SmallDependenceEmphasis	0.04923981497392963
wavelet-LHH	gldm	SmallDependenceHighGrayLevelEmphasis	0.10353298497717492
wavelet-LHH	gldm	SmallDependenceLowGrayLevelEmphasis	0.035666522473118314
wavelet-LHH	glrlm	GrayLevelNonUniformity	41.93638952343062
wavelet-LHH	glrlm	GrayLevelNonUniformityNormalized	0.5006207835506551
wavelet-LHH	glrlm	GrayLevelVariance	0.24968960822467245
wavelet-LHH	glrlm	HighGrayLevelRunEmphasis	2.4908833636121153
wavelet-LHH	glrlm	LongRunEmphasis	2.3380796316257024
wavelet-LHH	glrlm	LongRunHighGrayLevelEmphasis	5.869045118596535
wavelet-LHH	glrlm	LongRunLowGrayLevelEmphasis	1.4553382598829947
wavelet-LHH	glrlm	LowGrayLevelRunEmphasis	0.6272791590969712
wavelet-LHH	glrlm	RunEntropy	2.069631507030586
wavelet-LHH	glrlm	RunLengthNonUniformity	49.13976972095786
wavelet-LHH	glrlm	RunLengthNonUniformityNormalized	0.5790634808539221
wavelet-LHH	glrlm	RunPercentage	0.7348178137651822
wavelet-LHH	glrlm	RunVariance	0.436363803829236
wavelet-LHH	glrlm	ShortRunEmphasis	0.7791651996246182
wavelet-LHH	glrlm	ShortRunHighGrayLevelEmphasis	1.932994026225361
wavelet-LHH	glrlm	ShortRunLowGrayLevelEmphasis	0.4907079929744326
wavelet-LHH	glszm	GrayLevelNonUniformity	3.4
wavelet-LHH	glszm	GrayLevelNonUniformityNormalized	0.68
wavelet-LHH	glszm	GrayLevelVariance	0.16
wavelet-LHH	glszm	HighGrayLevelZoneEmphasis	1.6
wavelet-LHH	glszm	LargeAreaEmphasis	1192.4
wavelet-LHH	glszm	LargeAreaHighGrayLevelEmphasis	3141.8
wavelet-LHH	glszm	LargeAreaLowGrayLevelEmphasis	705.05
wavelet-LHH	glszm	LowGrayLevelZoneEmphasis	0.85
wavelet-LHH	glszm	SizeZoneNonUniformity	1.4
wavelet-LHH	glszm	SizeZoneNonUniformityNormalized	0.28
wavelet-LHH	glszm	SmallAreaEmphasis	0.300135521899319
wavelet-LHH	glszm	SmallAreaHighGrayLevelEmphasis	0.3003201941061519
wavelet-LHH	glszm	SmallAreaLowGrayLevelEmphasis	0.3000893538476108
wavelet-LHH	glszm	ZoneEntropy	1.9219280948873614
wavelet-LHH	glszm	ZonePercentage	0.043859649122807015
wavelet-LHH	glszm	ZoneVariance	672.5600000000001
wavelet-LHH	ngtdm	Busyness	27.6205822634351
wavelet-LHH	ngtdm	Coarseness	0.0362048848377765
wavelet-LHH	ngtdm	Complexity	0.48457161865675613
wavelet-LHH	ngtdm	Contrast	0.12114290466418903
wavelet-LHH	ngtdm	Strength	0.0362048848377765
wavelet-HLL	firstorder	10Percentile	-118.01818744130352
wavelet-HLL	firstorder	90Percentile	59.878008475146196
wavelet-HLL	firstorder	Energy	535375.094682262
wavelet-HLL	firstorder	Entropy	3.3280241104492614
wavelet-HLL	firstorder	InterquartileRange	80.77798475956133
wavelet-HLL	firstorder	Kurtosis	3.093303654871843
wavelet-HLL	firstorder	Maximum	121.22747333067534
wavelet-HLL	firstorder	MeanAbsoluteDeviation	51.57464569780053
wavelet-HLL	firstorder	Mean	-19.437549520422643
wavelet-HLL	firstorder	Median	-12.145733029876878
wavelet-HLL	firstorder	Minimum	-206.07205598671038
wavelet-HLL	firstorder	Range	327.2995293173857
wavelet-HLL	firstorder	RobustMeanAbsoluteDeviation	34.143254442306905
wavelet-HLL	firstorder	RootMeanSquared	68.52935692366243
wavelet-HLL	firstorder	Skewness	-0.5159021846379954
wavelet-HLL	firstorder	TotalEnergy	535375.094682262
wavelet-HLL	firstorder	Uniformity	0.11480455524776853
wavelet-HLL	firstorder	Variance	4318.454429011838
wavelet-HLL	glcm	Autocorrelation	71.99889842334034
wavelet-HLL	glcm	ClusterProminence	744.1087648331717
wavelet-HLL	glcm	ClusterShade	-26.733563209131827
wavelet-HLL	glcm	ClusterTendency	13.71497879733759
wavelet-HLL	glcm	Contrast	13.11447895219391
wavelet-HLL	glcm	Correlation	0.015484442307945715
wavelet-HLL	glcm	DifferenceAverage	2.6769652500093315
wavelet-HLL	glcm	DifferenceEntropy	2.6948671038623226
wavelet-HLL	glcm	DifferenceVariance	4.953256091868829
wavelet-HLL	glcm	Id	0.4136600344972416
wavelet-HLL	glcm	Idm	0.3373269377059514
wavelet-HLL	glcm	Idmn	0.9453180681338579
wavelet-HLL	glcm	Idn	0.8554088275498676
wavelet-HLL	glcm	Imc1	-0.3107930911067254
wavelet-HLL	glcm	Imc2	0.9251134697829204
wavelet-HLL	glcm	InverseVariance	0.33808615298733063
wavelet-HLL	glcm	JointAverage	8.47532975892417
wavelet-HLL	glcm	JointEnergy	0.027146632866114635
wavelet-HLL	glcm	JointEntropy	5.51667286602755
wavelet-HLL	glcm	MCC	0.6928282991068183
wavelet-HLL	glcm	MaximumProbability	0.06440328781300698
wavelet-HLL	glcm	SumAverage	16.950659517848337
wavelet-HLL	glcm	SumEntropy	3.5762528991324323
wavelet-HLL	glcm	SumSquares	6.707364437382877
wavelet-HLL	gldm	DependenceEntropy	5.341405093995004
wavelet-HLL	gldm	DependenceNonUniformity	21.43859649122807
wavelet-HLL	gldm	DependenceNonUniformityNormalized	0.18805786395814098
wavelet-HLL	gldm	DependenceVariance	3.840874115112342
wavelet-HLL	gldm	GrayLevelNonUniformity	13.087719298245615
wavelet-HLL	gldm	GrayLevelVariance	6.840874115112341
wavelet-HLL	gldm	HighGrayLevelEmphasis	82.56140350877193
wavelet-HLL	gldm	LargeDependenceEmphasis	13.052631578947368
wavelet-HLL	gldm	LargeDependenceHighGrayLevelEmphasis	1050.701754385965
wavelet-HLL	gldm	LargeDependenceLowGrayLevelEmphasis	0.20565970752940033
wavelet-HLL	gldm	LowGrayLevelEmphasis	0.02868066703576771
wavelet-HLL	gldm	SmallDependenceEmphasis	0.3296449595107699
wavelet-HLL	gldm	SmallDependenceHighGrayLevelEmphasis	26.498412313024627
wavelet-HLL	gldm	SmallDependenceLowGrayLevelEmphasis	0.01718990200728277
wavelet-HLL	glrlm	GrayLevelNonUniformity	11.759949695467387
wavelet-HLL	glrlm	GrayLevelNonUniformityNormalized	0.11188877352338852
wavelet-HLL	glrlm	GrayLevelVariance	7.123283364522927
wavelet-HLL	glrlm	HighGrayLevelRunEmphasis	82.65446318278238
wavelet-HLL	glrlm	LongRunEmphasis	1.2964523926441878
wavelet-HLL	glrlm	LongRunHighGrayLevelEmphasis	106.0683346576865
wavelet-HLL	glrlm	LongRunLowGrayLevelEmphasis	0.03497117400404777
wavelet-HLL	glrlm	LowGrayLevelRunEmphasis	0.029847497413923226
wavelet-HLL	glrlm	RunEntropy	3.660950141234221
wavelet-HLL	glrlm	RunLengthNonUniformity	90.71293896637255
wavelet-HLL	glrlm	RunLengthNonUniformityNormalized	0.8563930292263028
wavelet-HLL	glrlm	RunPercentage	0.9217273954116061
wavelet-HLL	glrlm	RunVariance	0.10066777626280127
wavelet-HLL	glrlm	ShortRunEmphasis	0.9375775330772035
wavelet-HLL	glrlm	ShortRunHighGrayLevelEmphasis	77.43230634473643
wavelet-HLL	glrlm	ShortRunLowGrayLevelEmphasis	0.028935082553691847
wavelet-HLL	glszm	GrayLevelNonUniformity	4.377777777777778
wavelet-HLL	glszm	GrayLevelNonUniformityNormalized	0.09728395061728395
wavelet-HLL	glszm	GrayLevelVariance	9.715555555555554
wavelet-HLL	glszm	HighGrayLevelZoneEmphasis	81.4
wavelet-HLL	glszm	LargeAreaEmphasis	16.444444444444443
wavelet-HLL	glszm	LargeAreaHighGrayLevelEmphasis	1356.6666666666667
wavelet-HLL	glszm	LargeAreaLowGrayLevelEmphasis	0.2767259184982989
wavelet-HLL	glszm	LowGrayLevelZoneEmphasis	0.04676927762369173
wavelet-HLL	glszm	SizeZoneNonUniformity	17.755555555555556
wavelet-HLL	glszm	SizeZoneNonUniformityNormalized	0.3945679012345679
wavelet-HLL	glszm	SmallAreaEmphasis	0.640062465512682
wavelet-HLL	glszm	SmallAreaHighGrayLevelEmphasis	50.617700680272115
wavelet-HLL	glszm	SmallAreaLowGrayLevelEmphasis	0.03982424074818548
wavelet-HLL	glszm	ZoneEntropy	4.622532752357138
wavelet-HLL	glszm	ZonePercentage	0.39473684210526316
wavelet-HLL	glszm	ZoneVariance	10.026666666666667
wavelet-HLL	ngtdm	Busyness	0.19812874915113765
wavelet-HLL	ngtdm	Coarseness	0.04283676546259697
wavelet-HLL	ngtdm	Complexity	169.79706234359682
wavelet-HLL	ngtdm	Contrast	0.1656399127500636
wavelet-HLL	ngtdm	Strength	2.7349286976282494
wavelet-HLH	firstorder	10Percentile	-16.42729480552749
wavelet-HLH	firstorder	90Percentile	15.84899434238932
wavelet-HLH	firstorder	Energy	19861.114004513413
wavelet-HLH	firstorder	Entropy	1.2537353044871231
wavelet-HLH	firstorder	InterquartileRange	17.669850915339715
wavelet-HLH	firstorder	Kurtosis	3.1120523349352314
wavelet-HLH	firstorder	Maximum	39.59577808414
wavelet-HLH	firstorder	MeanAbsoluteDeviation	10.750466777215369
wavelet-HLH	firstorder	Mean	-0.5103627367564583
wavelet-HLH	firstorder	Median	-1.9604969003026862
wavelet-HLH	firstorder	Minimum	-35.74558327492916
wavelet-HLH	firstorder	Range	75.34136135906917
wavelet-HLH	firstorder	RobustMeanAbsoluteDeviation	7.592931816187594
wavelet-HLH	firstorder	RootMeanSquared	13.19925370182744
wavelet-HLH	firstorder	Skewness	0.016573991962242206
wavelet-HLH	firstorder	TotalEnergy	19861.114004513413
wavelet-HLH	firstorder	Uniformity	0.461218836565097
wavelet-HLH	firstorder	Variance	173.95982816213575
wavelet-HLH	glcm	Autocorrelation	6.156121374391097
wavelet-HLH	glcm	ClusterProminence	0.8028545237344009
wavelet-HLH	glcm	ClusterShade	0.07257205677183087
wavelet-HLH	glcm	ClusterTendency	0.5392070363387237
wavelet-HLH	glcm	Contrast	0.627826505074566
wavelet-HLH	glcm	Correlation	-0.06549517758877389
wavelet-HLH	glcm	DifferenceAverage	0.5874782732614178
wavelet-HLH	glcm	DifferenceEntropy	1.0013998287463546
wavelet-HLH	glcm	DifferenceVariance	0.24896354235049237
wavelet-HLH	glcm	Id	0.7127538726566539
wavelet-HLH	glcm	Idm	0.7102956865506059
wavelet-HLH	glcm	Idmn	0.9638399347796139
wavelet-HLH	glcm	Idn	0.8838228068636028
wavelet-HLH	glcm	Imc1	-0.11212813332391722
wavelet-HLH	glcm	Imc2	0.43803462976478585
wavelet-HLH	glcm	InverseVariance	0.5543618105649604
wavelet-HLH	glcm	JointAverage	2.48518458861637
wavelet-HLH	glcm	JointEnergy	0.26263116460447844
wavelet-HLH	glcm	JointEntropy	2.145637959531223
wavelet-HLH	glcm	MCC	0.374554546157694
wavelet-HLH	glcm	MaximumProbability	0.3351735405490336
wavelet-HLH	glcm	SumAverage	4.97036917723274
wavelet-HLH	glcm	SumEntropy	1.4958423422094573
wavelet-HLH	glcm	SumSquares	0.29175838535332244
wavelet-HLH	gldm	DependenceEntropy	4.316982564157188
wavelet-HLH	gldm	DependenceNonUniformity	11.964912280701755
wavelet-HLH	gldm	DependenceNonUniformityNormalized	0.10495537088334872
wavelet-HLH	gldm	DependenceVariance	8.050477069867652
wavelet-HLH	gldm	GrayLevelNonUniformity	52.578947368421055
wavelet-HLH	gldm	GrayLevelVariance	0.3349492151431209
wavelet-HLH	gldm	HighGrayLevelEmphasis	6.324561403508772
wavelet-HLH	gldm	LargeDependenceEmphasis	54.3859649122807
wavelet-HLH	gldm	LargeDependenceHighGrayLevelEmphasis	339.1666666666667
wavelet-HLH	gldm	LargeDependenceLowGrayLevelEmphasis	10.238182261208577
wavelet-HLH	gldm	LowGrayLevelEmphasis	0.20553118908382068
wavelet-HLH	gldm	SmallDependenceEmphasis	0.07848678756027622
wavelet-HLH	gldm	SmallDependenceHighGrayLevelEmphasis	0.5274190894527009
wavelet-HLH	gldm	SmallDependenceLowGrayLevelEmphasis	0.033794259982144595
wavelet-HLH	glrlm	GrayLevelNonUniformity	39.861318123879485
wavelet-HLH	glrlm	GrayLevelNonUniformityNormalized	0.4487282573767466
wavelet-HLH	glrlm	GrayLevelVariance	0.36287663864182035
wavelet-HLH	glrlm	HighGrayLevelRunEmphasis	6.354981521845313
wavelet-HLH	glrlm	LongRunEmphasis	2.230988388999587
wavelet-HLH	glrlm	LongRunHighGrayLevelEmphasis	13.850849226522842
wavelet-HLH	glrlm	LongRunLowGrayLevelEmphasis	0.4474506561351038
wavelet-HLH	glrlm	LowGrayLevelRunEmphasis	0.2111456185707398
wavelet-HLH	glrlm	RunEntropy	2.20957519890359
wavelet-HLH	glrlm	RunLengthNonUniformity	57.97677022830963
wavelet-HLH	glrlm	RunLengthNonUniformityNormalized	0.6338409778031668
wavelet-HLH	glrlm	RunPercentage	0.7766531713900136
wavelet-HLH	glrlm	RunVariance	0.43137889981639554
wavelet-HLH	glrlm	ShortRunEmphasis	0.8112153651796027
wavelet-HLH	glrlm	ShortRunHighGrayLevelEmphasis	5.160563265665823
wavelet-HLH	glrlm	ShortRunLowGrayLevelEmphasis	0.17615167422391548
wavelet-HLH	glszm	GrayLevelNonUniformity	2.6
wavelet-HLH	glszm	GrayLevelNonUniformityNormalized	0.26
wavelet-HLH	glszm	GrayLevelVariance	1.21
wavelet-HLH	glszm	HighGrayLevelZoneEmphasis	6.5
wavelet-HLH	glszm	LargeAreaEmphasis	514.2
wavelet-HLH	glszm	LargeAreaHighGrayLevelEmphasis	3212.3
wavelet-HLH	glszm	LargeAreaLowGrayLevelEmphasis	96.68194444444444
wavelet-HLH	glszm	LowGrayLevelZoneEmphasis	0.4097222222222222
wavelet-HLH	glszm	SizeZoneNonUniformity	3.2
wavelet-HLH	glszm	SizeZoneNonUniformityNormalized	0.32
wavelet-HLH	glszm	SmallAreaEmphasis	0.5563290026353783
wavelet-HLH	glszm	SmallAreaHighGrayLevelEmphasis	3.850533024430402
wavelet-HLH	glszm	SmallAreaLowGrayLevelEmphasis	0.3231040002730421
wavelet-HLH	glszm	ZoneEntropy	2.6464393446710135
wavelet-HLH	glszm	ZonePercentage	0.08771929824561403
wavelet-HLH	glszm	ZoneVariance	384.2399999999999
wavelet-HLH	ngtdm	Busyness	2.6990880082969335
wavelet-HLH	ngtdm	Coarseness	0.03832712217759161
wavelet-HLH	ngtdm	Complexity	3.4385169720467235
wavelet-HLH	ngtdm	Contrast	0.030354177431498024
wavelet-HLH	ngtdm	Strength	0.20491233626993557
wavelet-HHL	firstorder	10Percentile	-32.959014974763456
wavelet-HHL	firstorder	90Percentile	28.97576313301719
wavelet-HHL	firstorder	Energy	70383.32205384328
wavelet-HHL	firstorder	Entropy	2.063963662777858
wavelet-HHL	firstorder	InterquartileRange	31.97551553184941
wavelet-HHL	firstorder	Kurtosis	3.4408748085508583
wavelet-HHL	firstorder	Maximum	63.678384450643655
wavelet-HHL	firstorder	MeanAbsoluteDeviation	19.532867128965368
wavelet-HHL	firstorder	Mean	-2.2897030919806793
wavelet-HHL	firstorder	Median	-3.1879700468757326
wavelet-HHL	firstorder	Minimum	-75.94039756750945
wavelet-HHL	firstorder	Range	139.6187820181531
wavelet-HHL	firstorder	RobustMeanAbsoluteDeviation	13.211225187967564
wavelet-HHL	firstorder	RootMeanSquared	24.847486027278862
wavelet-HHL	firstorder	Skewness	-0.019238657885024935
wavelet-HHL	firstorder	TotalEnergy	70383.32205384328
wavelet-HHL	firstorder	Uniformity	0.28147122191443524
wavelet-HHL	firstorder	Variance	612.1548216263924
wavelet-HHL	glcm	Autocorrelation	19.436458561735527
wavelet-HHL	glcm	ClusterProminence	13.586088945358568
wavelet-HHL	glcm	ClusterShade	-0.18807913051750444
wavelet-HHL	glcm	ClusterTendency	2.0084345336114153
wavelet-HHL	glcm	Contrast	1.993756953008575
wavelet-HHL	glcm	Correlation	-0.004603556927747553
wavelet-HHL	glcm	DifferenceAverage	1.0497383511909906
wavelet-HHL	glcm	DifferenceEntropy	1.8027002816227635
wavelet-HHL	glcm	DifferenceVariance	0.8693721378852335
wavelet-HHL	glcm	Id	0.604873271891965
wavelet-HHL	glcm	Idm	0.5676214180301654
wavelet-HHL	glcm	Idmn	0.9636480379260649
wavelet-HHL	glcm	Idn	0.8809250464394096
wavelet-HHL	glcm	Imc1	-0.10651177265321304
wavelet-HHL	glcm	Imc2	0.5682010664359112
wavelet-HHL	glcm	InverseVariance	0.47088782052601413
wavelet-HHL	glcm	JointAverage	4.4080207407946315
wavelet-HHL	glcm	JointEnergy	0.09698659176360006
wavelet-HHL	glcm	JointEntropy	3.7874314005070415
wavelet-HHL	glcm	MCC	0.36667387369715254
wavelet-HHL	glcm	MaximumProbability	0.17591880656248332
wavelet-HHL	glcm	SumAverage	8.816041481589263
wavelet-HHL	glcm	SumEntropy	2.4505523608166175
wavelet-HHL	glcm	SumSquares	1.0005478716549976
wavelet-HHL	gldm	DependenceEntropy	4.757305563265848
wavelet-HHL	gldm	DependenceNonUniformity	11.807017543859649
wavelet-HHL	gldm	DependenceNonUniformityNormalized	0.10357032933210218
wavelet-HHL	gldm	DependenceVariance	11.517082179132041
wavelet-HHL	gldm	GrayLevelNonUniformity	32.08771929824562
wavelet-HHL	gldm	GrayLevelVariance	1.066866728224069
wavelet-HHL	gldm	HighGrayLevelEmphasis	20.535087719298247
wavelet-HHL	gldm	LargeDependenceEmphasis	38.666666666666664
wavelet-HHL	gldm	LargeDependenceHighGrayLevelEmphasis	728.780701754386
wavelet-HHL	gldm	LargeDependenceLowGrayLevelEmphasis	2.2060901758364166
wavelet-HHL	gldm	LowGrayLevelEmphasis	0.06788842145045153
wavelet-HHL	gldm	SmallDependenceEmphasis	0.20451391308303452
wavelet-HHL	gldm	SmallDependenceHighGrayLevelEmphasis	5.115199210056563
wavelet-HHL	gldm	SmallDependenceLowGrayLevelEmphasis	0.02071059789188971
wavelet-HHL	glrlm	GrayLevelNonUniformity	25.162664985312293
wavelet-HHL	glrlm	GrayLevelNonUniformityNormalized	0.26287036841569
wavelet-HHL	glrlm	GrayLevelVariance	1.1984807582697412
wavelet-HHL	glrlm	HighGrayLevelRunEmphasis	20.8073313470091
wavelet-HHL	glrlm	LongRunEmphasis	1.6887399402576928
wavelet-HHL	glrlm	LongRunHighGrayLevelEmphasis	34.00607280614208
wavelet-HHL	glrlm	LongRunLowGrayLevelEmphasis	0.10925596206830437
wavelet-HHL	glrlm	LowGrayLevelRunEmphasis	0.07004584800532196
wavelet-HHL	glrlm	RunEntropy	2.779587952951318
wavelet-HHL	glrlm	RunLengthNonUniformity	69.9416095016296
wavelet-HHL	glrlm	RunLengthNonUniformityNormalized	0.7257064567063192
wavelet-HHL	glrlm	RunPercentage	0.8380566801619432
wavelet-HHL	glrlm	RunVariance	0.2357070141468336
wavelet-HHL	glrlm	ShortRunEmphasis	0.8715902304166568
wavelet-HHL	glrlm	ShortRunHighGrayLevelEmphasis	18.344498740892885
wavelet-HHL	glrlm	ShortRunLowGrayLevelEmphasis	0.0626644745987862
wavelet-HHL	glszm	GrayLevelNonUniformity	5.230769230769231
wavelet-HHL	glszm	GrayLevelNonUniformityNormalized	0.20118343195266272
wavelet-HHL	glszm	GrayLevelVariance	2.674556213017752
wavelet-HHL	glszm	HighGrayLevelZoneEmphasis	24.692307692307693
wavelet-HHL	glszm	LargeAreaEmphasis	107.53846153846153
wavelet-HHL	glszm	LargeAreaHighGrayLevelEmphasis	2118.653846153846
wavelet-HHL	glszm	LargeAreaLowGrayLevelEmphasis	5.883070600034886
wavelet-HHL	glszm	LowGrayLevelZoneEmphasis	0.09798512994941566
wavelet-HHL	glszm	SizeZoneNonUniformity	11.76923076923077
wavelet-HHL	glszm	SizeZoneNonUniformityNormalized	0.4526627218934911
wavelet-HHL	glszm	SmallAreaEmphasis	0.6926169918644406
wavelet-HHL	glszm	SmallAreaHighGrayLevelEmphasis	18.416954583157708
wavelet-HHL	glszm	SmallAreaLowGrayLevelEmphasis	0.07778798115545589
wavelet-HHL	glszm	ZoneEntropy	3.507380102423631
wavelet-HHL	glszm	ZonePercentage	0.22807017543859648
wavelet-HHL	glszm	ZoneVariance	88.31360946745562
wavelet-HHL	ngtdm	Busyness	0.613528849122786
wavelet-HHL	ngtdm	Coarseness	0.04884603927186718
wavelet-HHL	ngtdm	Complexity	16.381298535243747
wavelet-HHL	ngtdm	Contrast	0.04221827524657782
wavelet-HHL	ngtdm	Strength	0.7738968049075946
wavelet-HHH	firstorder	10Percentile	-8.620368028516285
wavelet-HHH	firstorder	90Percentile	9.404968292416337
wavelet-HHH	firstorder	Energy	5807.656846573369
wavelet-HHH	firstorder	Entropy	0.9890934397021425
wavelet-HHH	firstorder	InterquartileRange	9.831449358984198
wavelet-HHH	firstorder	Kurtosis	2.5978077994198143
wavelet-HHH	firstorder	Maximum	19.15370798236103
wavelet-HHH	firstorder	MeanAbsoluteDeviation	5.845642058941434
wavelet-HHH	firstorder	Mean	1.0321380736054326
wavelet-HHH	firstorder	Median	1.5695360754248098
wavelet-HHH	firstorder	Minimum	-16.467206063020132
wavelet-HHH	firstorder	Range	35.62091404538116
wavelet-HHH	firstorder	RobustMeanAbsoluteDeviation	4.183698325089028
wavelet-HHH	firstorder	RootMeanSquared	7.137531667409621
wavelet-HHH	firstorder	Skewness	-0.14302940481660334
wavelet-HHH	firstorder	TotalEnergy	5807.656846573369
wavelet-HHH	firstorder	Uniformity	0.5075407817790089
wavelet-HHH	firstorder	Variance	49.87904930028923
wavelet-HHH	glcm	Autocorrelation	2.3782662511911745
wavelet-HHH	glcm	ClusterProminence	0.4755957463509101
wavelet-HHH	glcm	ClusterShade	-0.0603228814469144
wavelet-HHH	glcm	ClusterTendency	0.47031722545900223
wavelet-HHH	glcm	Contrast	0.515531601240234
wavelet-HHH	glcm	Correlation	-0.043383978355201164
wavelet-HHH	glcm	DifferenceAverage	0.515531601240234
wavelet-HHH	glcm	DifferenceEntropy	0.9285706568355262
wavelet-HHH	glcm	DifferenceVariance	0.22584283576676467
wavelet-HHH	glcm	Id	0.742234199379883
wavelet-HHH	glcm	Idm	0.742234199379883
wavelet-HHH	glcm	Idmn	0.8968936797519533
wavelet-HHH	glcm	Idn	0.828156132919922
wavelet-HHH	glcm	Imc1	-0.0705821389515884
wavelet-HHH	glcm	Imc2	0.33063696431258527
wavelet-HHH	glcm	InverseVariance	0.515531601240234
wavelet-HHH	glcm	JointAverage	1.5453440172704305
wavelet-HHH	glcm	JointEnergy	0.2812327508836171
wavelet-HHH	glcm	JointEntropy	1.9094837660760116
wavelet-HHH	glcm	MCC	0.2847133687947951
wavelet-HHH	glcm	MaximumProbability	0.3565052148707376
wavelet-HHH	glcm	SumAverage	3.090688034540861
wavelet-HHH	glcm	SumEntropy	1.3939521648357776
wavelet-HHH	glcm	SumSquares	0.24646220667480906
wavelet-HHH	gldm	DependenceEntropy	4.415397309322745
wavelet-HHH	gldm	DependenceNonUniformity	11.43859649122807
wavelet-HHH	gldm	DependenceNonUniformityNormalized	0.10033856571252693
wavelet-HHH	gldm	DependenceVariance	8.823330255463219
wavelet-HHH	gldm	GrayLevelNonUniformity	57.85964912280702
wavelet-HHH	gldm	GrayLevelVariance	0.24622960911049552
wavelet-HHH	gldm	HighGrayLevelEmphasis	2.6842105263157894
wavelet-HHH	gldm	LargeDependenceEmphasis	62.08771929824562
wavelet-HHH	gldm	LargeDependenceHighGrayLevelEmphasis	176.2982456140351
wavelet-HHH	gldm	LargeDependenceLowGrayLevelEmphasis	33.53508771929825
wavelet-HHH	gldm	LowGrayLevelEmphasis	0.5789473684210527
wavelet-HHH	gldm	SmallDependenceEmphasis	0.050147594287909374
wavelet-HHH	gldm	SmallDependenceHighGrayLevelEmphasis	0.112247555727139
wavelet-HHH	gldm	SmallDependenceLowGrayLevelEmphasis	0.03462260392810197
wavelet-HHH	glrlm	GrayLevelNonUniformity	43.72331835358363
wavelet-HHH	glrlm	GrayLevelNonUniformityNormalized	0.5059721263089431
wavelet-HHH	glrlm	GrayLevelVariance	0.24701393684552847
wavelet-HHH	glrlm	HighGrayLevelRunEmphasis	2.6540807114473037
wavelet-HHH	glrlm	LongRunEmphasis	2.186707003583359
wavelet-HHH	glrlm	LongRunHighGrayLevelEmphasis	5.966792711145707
wavelet-HHH	glrlm	LongRunLowGrayLevelEmphasis	1.2416855766927717
wavelet-HHH	glrlm	LowGrayLevelRunEmphasis	0.5864798221381741
wavelet-HHH	glrlm	RunEntropy	1.9870637436622378
wavelet-HHH	glrlm	RunLengthNonUniformity	52.9933452335424
wavelet-HHH	glrlm	RunLengthNonUniformityNormalized	0.6001074685977539
wavelet-HHH	glrlm	RunPercentage	0.7577597840755735
wavelet-HHH	glrlm	RunVariance	0.35688122818178647
wavelet-HHH	glrlm	ShortRunEmphasis	0.7899922149218062
wavelet-HHH	glrlm	ShortRunHighGrayLevelEmphasis	2.0799356442420964
wavelet-HHH	glrlm	ShortRunLowGrayLevelEmphasis	0.46750635759173365
wavelet-HHH	glszm	GrayLevelNonUniformity	2.6
wavelet-HHH	glszm	GrayLevelNonUniformityNormalized	0.52
wavelet-HHH	glszm	GrayLevelVariance	0.24
wavelet-HHH	glszm	HighGrayLevelZoneEmphasis	2.2
wavelet-HHH	glszm	LargeAreaEmphasis	1230.8
wavelet-HHH	glszm	LargeAreaHighGrayLevelEmphasis	3539.6
wavelet-HHH	glszm	LargeAreaLowGrayLevelEmphasis	653.6
wavelet-HHH	glszm	LowGrayLevelZoneEmphasis	0.7
wavelet-HHH	glszm	SizeZoneNonUniformity	1.4
wavelet-HHH	glszm	SizeZoneNonUniformityNormalized	0.28
wavelet-HHH	glszm	SmallAreaEmphasis	0.4501388346918719
wavelet-HHH	glszm	SmallAreaHighGrayLevelEmphasis	0.6002949221008209
wavelet-HHH	glszm	SmallAreaLowGrayLevelEmphasis	0.4125998128396346
wavelet-HHH	glszm	ZoneEntropy	1.9219280948873614
wavelet-HHH	glszm	ZonePercentage	0.043859649122807015
wavelet-HHH	glszm	ZoneVariance	710.96
wavelet-HHH	ngtdm	Busyness	21.39912314134757
wavelet-HHH	ngtdm	Coarseness	0.03414949416115244
wavelet-HHH	ngtdm	Complexity	0.5137370283241336
wavelet-HHH	ngtdm	Contrast	0.12640626596225582
wavelet-HHH	ngtdm	Strength	0.03417407887820036
wavelet-LLL	firstorder	10Percentile	803.7912635479513
wavelet-LLL	firstorder	90Percentile	1186.765003910326
wavelet-LLL	firstorder	Energy	116893692.63219021
wavelet-LLL	firstorder	Entropy	4.300186228037955
wavelet-LLL	firstorder	InterquartileRange	190.76073244302268
wavelet-LLL	firstorder	Kurtosis	2.598192612320326
wavelet-LLL	firstorder	Maximum	1268.1663712686145
wavelet-LLL	firstorder	MeanAbsoluteDeviation	110.78940470888679
wavelet-LLL	firstorder	Mean	1003.0501716786611
wavelet-LLL	firstorder	Median	1007.7741412662625
wavelet-LLL	firstorder	Minimum	653.9270455631422
wavelet-LLL	firstorder	Range	614.2393257054723
wavelet-LLL	firstorder	RobustMeanAbsoluteDeviation	77.39647069755338
wavelet-LLL	firstorder	RootMeanSquared	1012.6121017958569
wavelet-LLL	firstorder	Skewness	-0.36324105045624977
wavelet-LLL	firstorder	TotalEnergy	116893692.63219021
wavelet-LLL	firstorder	Uniformity	0.05909510618651893
wavelet-LLL	firstorder	Variance	19273.62179883177
wavelet-LLL	glcm	Autocorrelation	290.3136089748484
wavelet-LLL	glcm	ClusterProminence	14438.280252543213
wavelet-LLL	glcm	ClusterShade	-345.9455010072286
wavelet-LLL	glcm	ClusterTendency	68.86627568829327
wavelet-LLL	glcm	Contrast	25.65371546989414
wavelet-LLL	glcm	Correlation	0.4514532004180888
wavelet-LLL	glcm	DifferenceAverage	4.090941541953166
wavelet-LLL	glcm	DifferenceEntropy	3.1831366792541695
wavelet-LLL	glcm	DifferenceVariance	8.111321123391996
wavelet-LLL	glcm	Id	0.30297704374278855
wavelet-LLL	glcm	Idm	0.2071262730291048
wavelet-LLL	glcm	Idmn	0.9628758426944167
wavelet-LLL	glcm	Idn	0.8679579842730618
wavelet-LLL	glcm	Imc1	-0.4393561205924709
wavelet-LLL	glcm	Imc2	0.9849131968951178
wavelet-LLL	glcm	InverseVariance	0.21230944692278603
wavelet-LLL	glcm	JointAverage	16.712216645867034
wavelet-LLL	glcm	JointEnergy	0.014075898248515805
wavelet-LLL	glcm	JointEntropy	6.321544591967155
wavelet-LLL	glcm	MCC	0.8900030257294995
wavelet-LLL	glcm	MaximumProbability	0.03301986550032355
wavelet-LLL	glcm	SumAverage	33.42443329173406
wavelet-LLL	glcm	SumEntropy	4.48714221597459
wavelet-LLL	glcm	SumSquares	23.629997789546852
wavelet-LLL	gldm	DependenceEntropy	5.380933492474623
wavelet-LLL	gldm	DependenceNonUniformity	33.05263157894737
wavelet-LLL	gldm	DependenceNonUniformityNormalized	0.2899353647276085
wavelet-LLL	gldm	DependenceVariance	1.3284087411511232
wavelet-LLL	gldm	GrayLevelNonUniformity	6.7368421052631575
wavelet-LLL	gldm	GrayLevelVariance	30.813865804863035
wavelet-LLL	gldm	HighGrayLevelEmphasis	244.640350877193
wavelet-LLL	gldm	LargeDependenceEmphasis	5.614035087719298
wavelet-LLL	gldm	LargeDependenceHighGrayLevelEmphasis	1527.5877192982457
wavelet-LLL	gldm	LargeDependenceLowGrayLevelEmphasis	0.05544332530506164
wavelet-LLL	gldm	LowGrayLevelEmphasis	0.026884819565432195
wavelet-LLL	gldm	SmallDependenceEmphasis	0.5090472709551657
wavelet-LLL	gldm	SmallDependenceHighGrayLevelEmphasis	107.03904239766081
wavelet-LLL	gldm	SmallDependenceLowGrayLevelEmphasis	0.022683887555660177
wavelet-LLL	glrlm	GrayLevelNonUniformity	6.390989379453144
wavelet-LLL	glrlm	GrayLevelNonUniformityNormalized	0.05846406042831939
wavelet-LLL	glrlm	GrayLevelVariance	31.10689073739074
wavelet-LLL	glrlm	HighGrayLevelRunEmphasis	243.09870563411116
wavelet-LLL	glrlm	LongRunEmphasis	1.131157696948652
wavelet-LLL	glrlm	LongRunHighGrayLevelEmphasis	279.8101063651194
wavelet-LLL	glrlm	LongRunLowGrayLevelEmphasis	0.02866910874080443
wavelet-LLL	glrlm	LowGrayLevelRunEmphasis	0.027755750486287166
wavelet-LLL	glrlm	RunEntropy	4.451942067677571
wavelet-LLL	glrlm	RunLengthNonUniformity	100.50644650655912
wavelet-LLL	glrlm	RunLengthNonUniformityNormalized	0.9180523785760651
wavelet-LLL	glrlm	RunPercentage	0.958839406207827
wavelet-LLL	glrlm	RunVariance	0.040973810711967484
wavelet-LLL	glrlm	ShortRunEmphasis	0.9672105757628368
wavelet-LLL	glrlm	ShortRunHighGrayLevelEmphasis	233.92085545135907
wavelet-LLL	glrlm	ShortRunLowGrayLevelEmphasis	0.027527410922657848
wavelet-LLL	glszm	GrayLevelNonUniformity	3.898550724637681
wavelet-LLL	glszm	GrayLevelNonUniformityNormalized	0.05650073513967654
wavelet-LLL	glszm	GrayLevelVariance	32.241125813904645
wavelet-LLL	glszm	HighGrayLevelZoneEmphasis	217.04347826086956
wavelet-LLL	glszm	LargeAreaEmphasis	4.492753623188406
wavelet-LLL	glszm	LargeAreaHighGrayLevelEmphasis	1261.840579710145
wavelet-LLL	glszm	LargeAreaLowGrayLevelEmphasis	0.06049160822314575
wavelet-LLL	glszm	LowGrayLevelZoneEmphasis	0.0393643540751356
wavelet-LLL	glszm	SizeZoneNonUniformity	34.56521739130435
wavelet-LLL	glszm	SizeZoneNonUniformityNormalized	0.500945179584121
wavelet-LLL	glszm	SmallAreaEmphasis	0.7356027350553749
wavelet-LLL	glszm	SmallAreaHighGrayLevelEmphasis	146.40866821124587
wavelet-LLL	glszm	SmallAreaLowGrayLevelEmphasis	0.03647741806480174
wavelet-LLL	glszm	ZoneEntropy	5.044987094673024
wavelet-LLL	glszm	ZonePercentage	0.6052631578947368
wavelet-LLL	glszm	ZoneVariance	1.7630749842470073
wavelet-LLL	ngtdm	Busyness	0.05219387841695271
wavelet-LLL	ngtdm	Coarseness	0.06047301031721345
wavelet-LLL	ngtdm	Complexity	553.5636290929187
wavelet-LLL	ngtdm	Contrast	0.2962318887178513
wavelet-LLL	ngtdm	Strength	12.867112795099715
